,school_name,applications,acceptances,per_pupil_spending,avg_class_size,asian_percent,black_percent,hispanic_percent,multiple_percent,white_percent,rigorous_instruction,collaborative_teachers,supportive_environment,effective_school_leadership,strong_family_community_ties,trust,disability_percent,poverty_percent,ESL_percent,school_size,student_achievement,reading_scores_exceed,math_scores_exceed,application_rate,size_classification
304,THE CHRISTA MCAULIFFE SCHOOL\I.S. 187,251,205,17403.0,27.71,67.5,1.3,6.8,0.6,23.9,4.84,4.48,4.44,4.16,3.74,4.17,11.3,65.8,3.3,873.0,4.36,0.9,0.9,0.28751431844215347,large
324,MARK TWAIN I.S. 239 FOR THE GIFTED & TALENTED,336,196,16814.0,30.51,27.8,6.9,5.7,8.2,51.4,4.07,4.5,3.9,3.77,3.49,3.77,11.9,37.7,1.1,1322.0,4.16,0.88,0.88,0.25416036308623297,large
33,J.H.S. 054 BOOKER T. WASHINGTON,257,150,17359.0,25.47,11.0,8.6,14.7,8.0,57.7,4.42,3.85,4.13,3.62,4.45,3.52,11.5,23.8,1.1,852.0,4.14,0.89,0.88,0.30164319248826293,large
241,M.S. 51 WILLIAM ALEXANDER,280,122,16145.0,25.36,16.4,7.6,20.4,4.7,51.0,3.56,3.81,4.03,3.83,3.1,3.31,17.7,28.7,2.2,1136.0,4.05,0.83,0.83,0.24647887323943662,large
22,NEW YORK CITY LAB MIDDLE SCHOOL FOR COLLABORATIVE STUDIES,163,113,15853.0,31.83,55.1,2.0,6.5,6.5,30.0,3.6,4.21,4.22,3.27,4.08,4.03,16.4,38.3,1.4,554.0,4.34,0.88,0.89,0.29422382671480146,large
316,I.S. 98 BAY ACADEMY,372,104,14587.0,27.9,27.3,2.8,8.8,2.6,58.6,4.84,4.61,3.97,4.27,3.09,3.94,9.2,55.0,1.4,1530.0,4.4,0.86,0.86,0.24313725490196078,large
306,J.H.S. 201 THE DYKER HEIGHTS,338,101,16042.0,27.16,51.8,0.6,15.4,0.6,31.6,4.33,4.63,4.18,4.04,2.92,4.09,13.4,75.3,9.0,1584.0,4.04,0.7,0.69,0.21338383838383837,large
389,J.H.S. 216 GEORGE J. RYAN,304,95,14916.0,28.42,65.8,4.9,13.2,2.0,14.1,4.67,4.12,3.93,3.57,3.49,3.35,12.7,67.4,6.2,1464.0,4.23,0.74,0.73,0.20765027322404372,large
385,J.H.S. 074 NATHANIEL HAWTHORNE,233,95,18300.0,27.08,66.5,4.3,10.7,1.1,17.4,4.24,4.47,3.93,4.02,3.77,3.59,13.2,48.4,7.6,1160.0,3.55,0.79,0.81,0.20086206896551725,large
372,J.H.S. 185 EDWARD BLEEKER,250,93,15314.0,25.76,55.7,2.6,29.8,0.7,11.2,3.61,4.37,3.74,3.94,3.15,3.81,14.4,76.7,12.5,1521.0,3.76,0.65,0.64,0.16436554898093358,large
8,"NEW EXPLORATIONS INTO SCIENCE, TECHNOLOGY AND MATH SCHOOL",126,91,13776.0,28.75,33.2,7.7,11.8,7.4,39.9,3.89,3.19,3.97,3.74,4.08,3.08,8.0,22.8,0.8,1734.0,4.58,0.9,0.9,0.0726643598615917,large
311,J.H.S. 259 WILLIAM MCKINLEY,309,86,16732.0,24.6,44.4,1.2,20.1,0.6,33.6,4.7,4.65,4.03,4.23,2.83,3.93,12.0,80.5,13.1,1852.0,4.07,0.65,0.64,0.16684665226781858,large
386,M.S. 158 MARIE CURIE,236,84,15763.0,29.47,62.3,4.8,14.8,1.4,16.6,4.22,2.51,3.39,1.5,2.49,2.42,12.8,56.0,7.6,1059.0,3.08,0.76,0.78,0.22285174693106705,large
384,J.H.S. 067 LOUIS PASTEUR,211,82,15818.0,27.53,60.6,3.7,11.7,1.8,22.1,4.24,3.85,3.9,4.0,3.95,3.71,8.8,40.3,3.9,894.0,3.9,0.83,0.83,0.2360178970917226,large
335,J.H.S. 234 ARTHUR W. CUNNINGHAM,370,79,14816.0,29.57,24.4,16.8,13.0,1.6,44.3,3.94,4.31,3.31,3.57,3.44,3.35,14.3,71.1,9.8,1907.0,3.55,0.65,0.62,0.19402202412165706,large
14,J.H.S. 167 ROBERT F. WAGNER,258,77,15175.0,28.62,21.0,6.0,15.9,5.0,52.1,4.15,3.88,3.63,3.34,3.35,3.45,16.2,30.6,3.1,1336.0,4.14,0.79,0.76,0.19311377245508982,large
11,EAST SIDE MIDDLE SCHOOL,124,75,17358.0,29.53,12.2,3.6,8.9,7.8,67.6,4.81,4.48,4.31,3.91,4.03,3.77,15.8,10.9,0.0,450.0,4.6,0.9,0.9,0.27555555555555555,small
359,I.S. 73 - THE FRANK SANSIVIERI INTERMEDIATE SCHOOL,394,73,16468.0,24.06,29.1,1.1,57.7,0.7,11.4,3.65,3.57,3.15,2.84,1.97,3.3,19.4,70.3,14.4,1971.0,4.08,0.55,0.51,0.19989852866565194,large
18,M.S. 255 SALK SCHOOL OF SCIENCE,108,70,15683.0,29.08,16.6,1.8,11.4,8.8,61.4,4.16,4.76,4.6,4.78,4.62,4.75,16.6,10.6,0.5,386.0,4.42,0.9,0.9,0.27979274611398963,small
459,BACCALAUREATE SCHOOL FOR GLOBAL EDUCATION,94,62,18734.0,16.67,46.1,3.7,17.0,4.6,28.5,4.38,4.14,3.18,2.75,4.09,3.27,5.2,43.0,1.1,540.0,3.62,0.62,0.59,0.17407407407407408,large
365,I.S. 119 THE GLENDALE,104,59,16218.0,26.71,25.8,1.8,30.4,2.6,39.4,4.25,3.96,3.18,4.11,2.62,2.76,8.8,73.3,3.6,1277.0,3.21,0.74,0.73,0.08144087705559906,large
47,THE ANDERSON SCHOOL,75,58,15971.0,32.0,27.0,2.8,9.1,9.9,51.2,4.66,3.66,4.05,2.66,4.53,3.23,6.5,8.4,0.2,537.0,4.68,0.9,0.9,0.13966480446927373,small
374,J.H.S. 194 WILLIAM CARR,147,54,16444.0,24.79,38.6,1.3,31.3,1.0,27.7,3.32,3.9,2.97,3.0,2.97,3.06,16.7,59.5,9.0,1241.0,2.89,0.66,0.65,0.11845286059629331,large
377,I.S. 237,194,53,17686.0,22.05,74.6,5.9,16.8,0.7,1.9,3.65,3.84,3.02,3.67,2.45,2.78,13.0,84.3,21.7,1368.0,3.18,0.59,0.64,0.14181286549707603,large
10,J.H.S. 104 SIMON BARUCH,260,53,16664.0,23.5,33.7,7.5,19.0,5.2,34.7,4.21,4.16,3.74,3.19,3.21,3.5,17.0,43.8,4.1,1134.0,3.43,0.74,0.72,0.2292768959435626,large
418,J.H.S. 190 RUSSELL SAGE,172,53,17598.0,22.98,33.6,6.6,28.0,3.4,28.3,3.21,2.53,2.17,2.34,1.97,1.65,13.4,42.2,9.5,1055.0,2.92,0.69,0.67,0.16303317535545023,large
416,J.H.S. 157 STEPHEN A. HALSEY,249,52,17293.0,22.43,23.2,8.1,24.6,3.6,40.5,4.7,4.06,3.54,3.55,3.6,3.4,14.9,53.4,9.6,1636.0,4.0,0.65,0.62,0.152200488997555,large
246,THE MATH & SCIENCE EXPLORATORY SCHOOL,134,51,22688.0,25.7,9.5,11.4,20.1,3.8,55.3,4.13,4.37,4.17,3.8,4.31,3.95,21.4,20.1,0.9,528.0,4.39,0.84,0.83,0.2537878787878788,small
447,P.S. 122 MAMIE FAY,74,49,15801.0,30.94,26.2,5.0,20.2,5.2,43.4,4.22,4.2,3.96,3.13,3.55,3.83,9.3,53.3,7.9,1361.0,4.19,0.8,0.81,0.05437178545187362,large
472,I.S. 075 FRANK D. PAULO,153,46,21509.0,25.81,8.8,1.8,12.3,2.0,75.1,2.12,3.2,2.48,3.1,3.41,3.48,22.6,38.7,1.7,1371.0,2.52,0.26,0.24,0.11159737417943107,large
313,BROOKLYN SCHOOL OF INQUIRY,80,46,19077.0,34.36,20.0,4.9,4.9,2.8,67.3,4.55,4.07,3.5,3.77,4.09,4.0,6.2,22.4,8.7,566.0,4.61,0.89,0.9,0.1413427561837456,large
356,I.S. 5 - THE WALTER CROWLEY INTERMEDIATE SCHOOL,264,40,19737.0,24.18,43.7,1.6,51.7,0.9,2.2,3.75,3.97,3.43,3.05,2.25,3.5,17.0,78.6,16.6,1798.0,3.75,0.57,0.55,0.1468298109010011,large
303,THE SEEALL ACADEMY,113,38,21016.0,26.2,45.6,0.8,27.3,1.3,25.0,4.02,4.59,4.06,4.52,3.21,4.34,15.1,87.9,30.4,1136.0,3.79,0.6,0.63,0.0994718309859155,large
366,I.S. 125 THOM J. MCCANN WOODSIDE,272,34,16325.0,26.27,38.2,1.9,54.3,0.9,4.8,4.34,4.41,3.91,3.57,2.87,3.71,16.5,75.7,17.2,1504.0,3.5,0.53,0.49,0.18085106382978725,large
387,IRWIN ALTMAN MIDDLE SCHOOL 172,189,33,16768.0,26.89,63.6,8.8,15.1,1.4,11.0,3.02,2.32,2.8,2.19,3.39,2.46,16.1,62.3,5.0,978.0,3.52,0.7,0.66,0.19325153374233128,large
325,I.S. 281 JOSEPH B CAVALLARO,171,30,17645.0,25.04,41.0,6.4,24.2,0.4,28.0,3.21,4.07,3.35,3.55,2.0,2.92,18.1,86.9,17.5,1334.0,4.03,0.51,0.47,0.12818590704647675,large
162,J.H.S. 118 WILLIAM W. NILES,270,29,18540.0,19.69,14.8,21.8,59.9,0.6,2.9,3.21,2.12,2.84,2.74,2.14,2.49,23.0,89.8,10.7,1174.0,2.91,0.51,0.43,0.22998296422487224,large
370,I.S. 025 ADRIEN BLOCK,147,29,17789.0,27.86,53.2,2.5,23.9,0.9,19.5,3.09,3.46,3.55,3.46,3.27,3.17,14.9,58.2,13.0,1028.0,3.41,0.66,0.66,0.14299610894941633,large
236,I.S. 318 EUGENIO MARIA DE HOSTOS,222,27,17551.0,26.75,8.2,16.8,61.1,1.0,13.0,4.04,3.85,3.75,3.94,3.51,3.86,18.3,65.4,7.6,1249.0,2.02,0.57,0.5,0.177742193755004,large
453,I.S. 227 LOUIS ARMSTRONG,206,27,19154.0,26.36,13.6,8.2,50.3,1.4,26.5,4.4,4.38,4.13,3.85,3.43,3.62,14.4,72.3,4.0,1586.0,4.55,0.67,0.63,0.12988650693568726,large
54,TAG YOUNG SCHOLARS,54,27,14573.0,31.35,38.8,18.6,17.0,10.2,15.3,4.76,3.05,4.08,2.74,3.89,2.5,4.6,38.5,0.0,587.0,4.64,0.9,0.9,0.0919931856899489,large
412,SCHOLARS' ACADEMY,104,27,13509.0,30.56,19.6,16.8,19.9,1.7,42.0,4.78,4.5,4.22,4.04,4.29,4.03,11.6,47.3,0.1,1376.0,4.61,0.9,0.89,0.0755813953488372,large
307,J.H.S. 220 JOHN J. PERSHING,181,27,17554.0,22.58,52.5,1.3,41.9,0.1,4.2,2.44,3.02,2.78,3.2,1.55,3.22,14.7,86.1,33.8,1520.0,3.74,0.42,0.45,0.11907894736842105,large
471,I.S. 072 ROCCO LAURIE,139,26,21674.0,24.08,2.9,26.2,36.2,1.4,2.5,3.17,3.17,2.27,3.82,3.93,3.0,20.75,82.85,8.7,537.5,4.03,0.27,0.29,0.2586046511627907,small
458,THE 30TH AVENUE SCHOOL (G&T CITYWIDE),39,26,20147.0,22.05,43.8,5.9,9.0,10.1,31.3,3.71,4.77,4.3,4.82,4.48,4.44,5.7,26.9,2.2,457.0,3.41,0.43,0.37,0.08533916849015317,small
450,I.S. 141 THE STEINWAY,170,26,16014.0,23.25,23.7,3.6,33.8,1.5,37.4,4.0,4.35,3.81,3.66,3.72,3.63,13.5,60.7,6.1,1107.0,3.89,0.66,0.6,0.15356820234869015,large
454,I.S. 230,157,26,17434.0,26.95,33.7,0.5,60.0,1.2,4.7,4.24,4.41,3.78,3.73,2.7,3.61,13.4,81.6,15.0,1296.0,3.59,0.59,0.53,0.12114197530864197,large
309,J.H.S. 227 EDWARD B. SHALLOW,197,25,18500.0,26.33,59.8,0.5,26.5,0.5,12.7,3.06,3.64,3.42,3.7,2.37,3.83,14.1,92.1,27.7,1506.0,2.76,0.49,0.5,0.13081009296148738,large
419,J.H.S. 217 ROBERT A. VAN WYCK,175,24,16911.0,23.99,36.3,16.4,39.6,3.7,4.0,4.73,4.52,3.54,4.35,3.72,4.02,16.0,69.9,16.7,1630.0,3.99,0.44,0.37,0.10736196319018405,large
398,M.S. 137 AMERICA'S SCHOOL OF HEROES,179,23,15967.0,26.27,55.0,5.4,33.7,3.5,2.4,4.29,4.4,3.25,3.62,2.79,3.6,15.7,87.7,9.7,1890.0,3.96,0.53,0.45,0.09470899470899471,large
2,P.S. 184M SHUANG WEN,67,23,16206.0,29.69,69.4,3.7,13.5,6.1,7.3,2.98,2.96,3.68,2.75,3.38,2.91,16.5,67.5,15.1,684.0,4.28,0.68,0.74,0.097953216374269,large
425,QUEENS GATEWAY TO HEALTH SCIENCES SECONDARY SCHOOL,61,23,15678.0,21.34,50.6,27.1,9.7,8.4,4.2,3.51,2.65,3.6,2.85,1.6,1.1,12.2,62.6,1.3,690.0,4.34,0.86,0.85,0.08840579710144927,large
76,COLUMBIA SECONDARY SCHOOL,42,23,14678.0,22.13,9.5,23.4,40.9,3.4,22.8,4.35,4.01,3.8,3.65,4.15,3.78,15.0,53.6,0.6,702.0,4.39,0.82,0.81,0.05982905982905983,large
20,BATTERY PARK CITY SCHOOL,56,22,16262.0,26.92,19.6,4.1,13.2,9.1,54.1,4.65,3.61,3.81,3.87,4.29,3.71,17.8,12.6,3.1,827.0,4.21,0.79,0.77,0.06771463119709795,large
461,I.S. 007 ELIAS BERNSTEIN,129,22,19065.0,28.14,5.5,0.6,9.3,1.5,83.1,3.87,4.23,3.77,3.85,4.32,4.15,17.6,36.7,0.9,1163.0,3.66,0.81,0.8,0.11092003439380911,large
382,BELL ACADEMY,69,21,19414.0,30.58,30.9,5.1,31.2,1.6,31.2,4.68,3.98,3.9,3.06,4.29,3.39,24.0,48.3,1.6,375.0,4.61,0.68,0.65,0.184,small
403,J.H.S. 210 ELIZABETH BLACKWELL,169,21,16900.0,25.47,28.8,5.1,59.8,2.7,3.6,2.64,2.32,2.14,2.68,1.72,2.2,16.3,84.5,16.0,1880.0,2.23,0.5,0.46,0.0898936170212766,large
242,J.H.S. 088 PETER ROUGET,163,20,20927.0,23.19,19.6,11.0,56.5,0.9,11.9,4.58,4.24,3.64,4.34,2.79,3.27,24.6,80.5,12.7,1350.0,3.13,0.5,0.44,0.12074074074074075,large
380,EAST-WEST SCHOOL OF INTERNATIONAL STUDIES,70,20,16753.0,27.96,67.3,8.3,18.8,0.9,4.6,3.87,3.98,3.92,2.37,3.3,3.07,13.3,86.3,6.0,649.0,4.13,0.75,0.78,0.10785824345146379,large
310,P.S. 229 DYKER,93,20,15882.0,30.24,59.5,1.4,12.0,1.1,25.9,4.5,3.4,3.62,3.13,3.78,3.53,14.1,59.5,11.9,1249.0,3.8,0.69,0.73,0.0744595676541233,large
448,ALBERT SHANKER SCHOOL FOR VISUAL AND PERFORMING ARTS,59,19,21750.0,20.42,28.3,16.7,45.7,0.5,8.8,4.21,3.34,3.14,3.5,2.83,3.48,20.5,86.5,8.4,658.0,3.24,0.48,0.42,0.08966565349544073,large
245,NEW VOICES SCHOOL OF ACADEMIC & CREATIVE ARTS,94,19,17671.0,29.5,4.9,7.4,32.8,2.8,52.0,4.78,4.38,4.09,3.81,3.49,3.79,21.0,30.3,1.4,567.0,4.4,0.74,0.64,0.1657848324514991,large
308,J.H.S. 223 THE MONTAUK,142,19,18781.0,18.15,62.1,1.8,26.1,0.5,9.5,3.47,3.06,3.17,3.27,2.08,3.64,14.7,97.5,33.6,950.0,3.94,0.46,0.52,0.14947368421052631,large
40,M.S. M245 THE COMPUTER SCHOOL,70,19,16298.0,24.18,8.0,12.0,27.5,4.7,47.7,4.35,4.11,4.07,2.9,4.17,3.6,19.2,27.3,2.0,400.0,3.94,0.76,0.73,0.175,small
401,J.H.S. 202 ROBERT H. GODDARD,98,18,16679.0,24.52,34.1,7.4,46.6,5.1,6.8,4.37,4.53,3.74,3.94,3.38,3.46,15.1,79.9,7.8,1097.0,2.81,0.58,0.53,0.08933454876937101,large
12,P.S. 126 JACOB AUGUST RIIS,66,18,18820.0,28.03,62.1,9.3,18.0,2.7,7.9,4.8,4.71,4.06,3.92,4.23,4.03,18.2,79.6,16.7,784.0,3.22,0.71,0.69,0.08418367346938775,large
19,M.S. 260 CLINTON SCHOOL WRITERS & ARTISTS,36,17,24751.0,29.56,12.6,4.6,11.4,7.3,64.1,4.51,2.56,4.06,2.27,4.0,3.11,16.4,13.6,0.3,604.0,4.26,0.9,0.88,0.059602649006622516,large
363,P.S. 102 BAYVIEW,67,17,17688.0,28.48,60.9,2.9,32.0,0.9,3.3,4.17,3.41,4.07,2.83,3.43,3.35,13.3,85.4,14.4,1326.0,4.16,0.61,0.61,0.05052790346907994,large
373,J.H.S. 189 DANIEL CARTER BEARD,97,17,19007.0,22.61,66.0,3.0,27.5,0.5,3.0,3.7,4.0,3.76,3.35,2.53,3.33,16.0,77.2,26.8,771.0,3.12,0.56,0.58,0.125810635538262,large
322,I.S. 228 DAVID A. BOODY,160,17,19422.0,20.96,28.8,5.3,26.5,1.1,38.4,4.28,3.97,3.59,4.18,2.93,3.58,15.6,79.9,10.5,1311.0,3.76,0.58,0.56,0.12204424103737604,large
163,RIVERDALE / KINGSBRIDGE ACADEMY (MIDDLE SCHOOL / HIGH SCHOOL 141),75,15,13260.0,22.58,7.7,9.0,56.4,1.5,25.4,3.24,3.33,3.45,3.26,3.83,3.11,19.7,51.4,6.7,1513.0,2.56,0.61,0.54,0.0495703899537343,large
27,SCHOOL OF THE FUTURE HIGH SCHOOL,46,15,16222.0,13.83,17.1,11.1,26.4,9.1,36.4,4.26,4.24,3.87,3.42,3.67,3.23,20.9,38.9,1.7,750.0,3.62,0.7,0.62,0.06133333333333333,large
357,P.S. 049 DOROTHY BONAWIT KOLE,43,14,15532.0,29.76,18.6,0.5,24.0,1.3,55.6,3.93,4.42,3.07,3.85,3.81,4.01,15.9,47.5,6.5,1160.0,3.34,0.67,0.68,0.03706896551724138,large
9,TOMPKINS SQUARE MIDDLE SCHOOL,66,14,19395.0,29.0,23.1,13.7,38.6,3.8,20.9,4.25,4.44,3.76,3.74,3.98,3.85,26.5,68.9,2.1,373.0,3.77,0.55,0.49,0.1769436997319035,small
39,M.S. 243 CENTER SCHOOL,38,14,17592.0,25.44,6.0,11.5,18.3,6.4,57.9,3.84,3.94,4.63,4.38,4.23,4.47,14.0,11.9,0.0,235.0,4.52,0.85,0.8,0.16170212765957448,small
463,I.S. 027 ANNING S. PRALL,77,14,19242.0,21.3,9.0,21.9,40.7,1.4,27.1,3.14,4.02,3.36,3.74,3.87,3.95,24.4,72.4,6.7,1005.0,3.0,0.3,0.22,0.07661691542288557,large
183,P.S. 083 DONALD HERTZ,77,13,18360.0,26.87,9.0,6.7,48.2,1.1,35.0,3.51,4.22,3.95,3.52,3.83,3.53,18.8,64.0,17.5,1698.0,3.05,0.48,0.45,0.04534746760895171,large
383,"THE QUEENS COLLEGE SCHOOL FOR MATH, SCIENCE AND TECHNOLOGY",40,13,18680.0,26.63,54.2,20.9,12.8,4.0,8.1,3.63,4.41,4.27,3.53,4.31,3.58,9.3,50.0,6.3,506.0,3.85,0.78,0.8,0.07905138339920949,small
52,MOTT HALL II,64,12,15372.0,26.54,4.4,26.6,43.3,6.4,19.3,4.32,4.52,4.15,4.8,4.36,4.11,23.1,62.0,2.0,342.0,4.33,0.61,0.51,0.1871345029239766,small
301,P.S./I.S. 104 THE FORT HAMILTON SCHOOL,87,11,17338.0,27.15,20.0,4.3,26.6,2.8,46.2,4.36,4.73,3.78,4.23,3.78,4.04,14.4,64.0,11.4,1265.0,3.25,0.66,0.68,0.06877470355731226,large
457,HUNTERS POINT COMMUNITY MIDDLE SCHOOL,65,11,28469.0,19.6,14.0,9.7,48.7,3.6,24.0,3.0,2.41,3.96,2.25,3.61,2.08,23.8,50.8,4.0,421.0,4.59,0.9,0.9,0.1543942992874109,small
462,I.S. 024 MYRA S. BARNES,132,11,21749.0,23.51,5.1,1.2,14.8,1.0,77.9,3.69,4.59,3.38,4.13,4.4,4.1,24.5,43.6,2.6,1267.0,3.82,0.66,0.7,0.10418310970797158,large
24,SPRUCE STREET SCHOOL,36,10,20143.0,24.97,15.8,3.3,13.9,11.9,55.1,3.99,4.14,3.57,3.68,4.45,3.73,16.9,13.2,3.0,539.0,4.07,0.79,0.79,0.06679035250463822,large
315,I.S. 096 SETH LOW,114,9,20390.0,21.61,33.4,9.5,26.2,1.3,29.7,3.53,4.5,3.78,4.06,3.59,4.1,22.3,78.3,31.3,779.0,3.81,0.39,0.36,0.14634146341463414,large
426,"YOUNG WOMEN'S LEADERSHIP SCHOOL, QUEENS",29,9,15406.0,26.38,36.6,43.9,11.7,5.5,2.3,3.91,4.07,3.91,3.55,3.41,3.53,15.1,79.0,1.4,563.0,3.91,0.79,0.71,0.05150976909413854,large
287,J.H.S. 292 MARGARET S. DOUGLAS,81,9,18982.0,22.03,16.8,48.5,30.0,1.8,3.0,3.33,3.16,2.51,3.57,2.38,3.39,24.5,93.7,14.6,567.0,4.12,0.3,0.21,0.14285714285714285,large
466,P.S. 048 WILLIAM G. WILCOX,70,9,16643.0,29.29,19.6,3.9,17.5,1.8,57.2,1.86,2.27,2.03,2.78,1.94,2.38,18.8,41.5,7.3,981.0,2.55,0.31,0.21,0.07135575942915393,large
185,J.H.S. 127 THE CASTLE HILL,133,9,19552.0,22.52,31.6,21.8,42.1,1.7,2.7,3.63,4.09,3.61,3.91,2.87,3.61,17.7,76.7,17.0,806.0,3.13,0.44,0.35,0.16501240694789082,large
333,P.S. 206 JOSEPH F LAMB,51,9,16572.0,27.05,47.6,1.6,9.6,1.5,39.6,3.84,4.36,3.71,3.78,3.7,3.61,12.4,73.3,22.6,1505.0,3.48,0.62,0.66,0.03388704318936877,large
367,"P.S. 128 THE LORRAINE TUZZO, JUNIPER VALLEY ELEMENTARY SCHOOL",46,9,15785.0,32.46,3.3,0.5,19.6,0.4,76.2,4.17,3.75,3.42,3.3,3.94,3.03,14.0,36.4,4.0,969.0,3.4,0.78,0.76,0.047471620227038186,large
428,JEAN NUZZI INTERMEDIATE SCHOOL,117,9,17334.0,24.88,33.2,39.5,19.7,3.8,3.8,3.8,3.39,3.21,3.64,3.04,3.08,14.5,66.7,7.9,1108.0,2.56,0.54,0.41,0.1055956678700361,large
88,PAULA HEDBAVNY SCHOOL,24,9,18641.0,29.56,2.1,2.0,78.9,1.1,15.9,4.14,3.94,4.12,4.46,4.36,4.53,19.5,66.7,15.2,559.0,4.06,0.56,0.48,0.04293381037567084,large
390,P.S./I.S. 266,33,8,19489.0,28.71,40.1,19.9,22.7,2.9,14.5,4.23,4.17,3.4,4.01,4.15,3.6,21.4,53.5,3.1,649.0,3.1,0.7,0.66,0.05084745762711865,large
189,I.S. 181 PABLO CASALS,124,8,19188.0,22.38,5.0,59.0,29.3,3.1,3.6,4.78,4.31,3.3,4.02,3.54,3.7,23.4,81.5,3.4,883.0,3.99,0.48,0.38,0.1404303510758777,large
220,P.S. 008 ROBERT FULTON,42,8,16592.0,29.75,6.3,15.2,12.0,7.5,59.0,4.25,4.3,3.6,3.43,3.97,3.42,12.6,18.3,2.9,916.0,3.15,0.8,0.81,0.04585152838427948,large
31,LOWER MANHATTAN COMMUNITY MIDDLE SCHOOL,70,8,26853.0,29.17,42.6,10.9,16.6,2.3,27.5,3.97,4.49,4.28,4.26,4.62,4.39,27.5,57.4,6.2,385.0,4.33,0.59,0.52,0.18181818181818182,small
25,INSTITUTE FOR COLLABORATIVE EDUCATION,21,8,13497.0,22.29,6.9,19.1,16.7,5.3,52.0,4.82,4.73,4.22,4.02,4.31,4.11,10.6,25.0,0.8,492.0,3.41,0.87,0.9,0.042682926829268296,small
190,P.S./M.S. 194,64,8,17529.0,29.39,36.3,6.0,49.7,2.4,5.7,4.65,3.73,3.67,4.05,3.04,3.5,14.4,80.1,19.6,1326.0,2.73,0.46,0.46,0.048265460030165915,large
465,I.S. 034 TOTTENVILLE,81,8,20088.0,26.67,4.0,0.6,11.2,0.5,83.6,4.6,4.93,4.19,4.57,4.48,4.57,27.5,34.2,2.1,1091.0,4.47,0.77,0.78,0.07424381301558204,large
321,P.S. 226 ALFRED DE B.MASON,44,7,21604.0,24.57,30.5,1.7,29.5,1.0,37.4,4.32,3.68,3.74,3.89,3.64,3.88,15.8,85.7,26.1,1030.0,3.99,0.56,0.55,0.04271844660194175,large
376,P.S. 219 PAUL KLAPPER,29,7,23409.0,21.89,48.3,7.0,28.5,1.1,15.1,3.48,2.64,3.56,3.81,2.87,2.89,27.6,73.5,18.2,642.0,4.38,0.5,0.52,0.045171339563862926,large
470,MARSH AVENUE SCHOOL FOR EXPEDITIONARY LEARNING,70,7,21953.0,22.2,8.9,6.5,24.2,1.3,59.0,3.78,4.14,4.25,4.56,4.4,4.33,23.5,37.0,1.1,459.0,4.66,0.57,0.58,0.15250544662309368,small
50,SPECIAL MUSIC SCHOOL,10,7,20398.0,17.36,14.3,12.1,15.0,15.0,43.6,4.77,4.34,4.12,3.15,4.07,3.81,10.2,20.4,0.3,314.0,4.68,0.9,0.9,0.03184713375796178,small
13,M.S. 131,54,7,25468.0,19.35,81.4,6.0,10.6,0.2,1.8,3.94,4.29,4.12,3.88,3.81,3.86,25.7,93.3,32.6,436.0,3.93,0.42,0.46,0.12385321100917432,small
277,P.S. 235 JANICE MARIE KNIGHT SCHOOL,89,7,16556.0,26.83,1.3,92.8,2.4,2.0,1.5,3.27,2.92,3.15,3.33,3.72,3.65,8.2,71.5,1.4,1254.0,3.48,0.73,0.74,0.07097288676236045,large
302,P.S. 163 BATH BEACH,39,7,20799.0,22.73,31.3,1.3,34.8,0.3,32.4,4.46,3.87,3.39,3.75,3.08,3.96,18.6,80.4,22.7,633.0,3.65,0.53,0.54,0.061611374407582936,large
451,I.S. 145 JOSEPH PULITZER,137,7,17699.0,24.75,8.5,1.9,87.8,0.4,1.4,3.85,3.29,4.13,2.93,2.7,3.1,15.1,94.7,21.8,1699.0,3.7,0.43,0.37,0.08063566804002355,large
491,HELLENIC CLASSICAL CHARTER SCHOOL,46,7,20147.0,22.05,3.8,17.3,44.9,4.0,30.0,4.4,3.57,3.51,3.07,3.88,3.12,8.2,54.5,3.4,497.0,3.41,0.84,0.9,0.0925553319919517,small
337,J.H.S. 278 MARINE PARK,98,7,19460.0,22.88,10.0,42.6,17.3,2.3,27.8,4.31,4.36,3.27,3.57,3.62,3.27,17.7,70.2,4.9,1106.0,3.4,0.58,0.47,0.08860759493670886,large
114,M.S. X101 EDWARD R. BYRNE,66,7,18173.0,23.14,12.5,9.9,57.0,1.9,18.6,3.67,4.09,3.48,3.8,3.42,3.95,23.8,74.5,1.7,526.0,3.25,0.66,0.59,0.12547528517110265,small
237,CONSELYEA PREPARATORY SCHOOL,90,7,17960.0,33.2,1.8,4.6,56.4,0.2,37.1,4.78,4.59,4.06,4.19,3.95,3.93,19.1,52.8,3.0,502.0,2.59,0.65,0.57,0.17928286852589642,small
251,M.S. 839,36,7,20147.0,22.05,13.5,15.3,24.2,5.5,41.4,3.82,3.71,3.81,3.61,3.92,3.5,29.4,42.9,5.2,326.0,2.93,0.64,0.58,0.11042944785276074,small
519,BROOKLYN URBAN GARDEN CHARTER SCHOOL,43,7,20147.0,22.05,2.5,39.4,32.7,6.0,19.4,3.55,3.28,4.33,3.44,4.17,3.88,21.1,57.7,2.8,284.0,4.51,0.66,0.7,0.15140845070422534,small
249,THE BOERUM HILL SCHOOL FOR INTERNATIONAL STUDIES,32,6,19852.0,13.12,4.4,34.5,25.5,6.0,29.6,3.82,4.0,3.29,3.89,3.72,3.64,23.3,56.6,9.5,632.0,2.81,0.61,0.52,0.05063291139240506,large
557,MIDDLE VILLAGE PREP CHARTER SCHOOL,58,6,20147.0,22.05,3.6,2.5,55.7,0.0,38.2,3.65,3.14,3.96,3.05,3.37,3.64,11.7,49.4,2.0,393.0,3.41,0.51,0.51,0.1475826972010178,small
371,P.S. 164 QUEENS VALLEY,38,6,19557.0,24.31,31.7,4.8,27.1,1.7,34.6,2.73,3.49,2.91,3.39,3.69,3.71,15.3,73.4,15.6,693.0,3.18,0.64,0.63,0.05483405483405483,large
299,P.S./I.S. 30 MARY WHITE OVINGTON,51,6,17715.0,30.91,23.5,1.5,30.2,1.0,43.8,4.04,4.19,3.68,3.33,3.74,3.76,20.3,80.0,22.9,911.0,3.41,0.58,0.59,0.05598243688254665,large
45,WEST END SECONDARY SCHOOL,31,6,20147.0,22.05,8.0,5.9,18.9,4.4,62.8,4.8,3.75,4.36,4.2,4.48,4.25,22.4,18.9,0.9,339.0,4.19,0.8,0.79,0.09144542772861357,small
468,I.S. 051 EDWIN MARKHAM,101,6,19320.0,19.47,5.6,23.6,44.3,1.3,25.3,3.59,3.95,3.68,4.54,4.34,4.52,29.8,77.7,8.0,1315.0,3.29,0.66,0.71,0.07680608365019011,large
587,SUCCESS ACADEMY CHARTER SCHOOL - BRONX 2,36,6,20147.0,22.05,1.3,61.3,35.9,0.5,1.0,3.66,3.73,3.51,3.61,3.62,3.64,12.7,80.5,5.8,790.0,3.41,0.79,0.8,0.04556962025316456,large
186,J.H.S. 144 MICHELANGELO,42,2,21736.0,20.97,2.8,60.2,32.5,0.4,4.1,4.19,3.98,3.32,4.19,3.94,4.53,27.6,76.0,10.6,492.0,3.86,0.29,0.19,0.08536585365853659,small
407,KNOWLEDGE AND POWER PREPARATORY ACADEMY VI,42,2,16253.0,26.2,3.8,50.0,42.8,1.1,2.3,4.21,3.37,4.5,3.18,4.13,3.25,16.7,82.6,6.4,264.0,4.64,0.44,0.34,0.1590909090909091,small
188,M.S. 180 DR. DANIEL HALE WILLIAMS,151,2,21481.0,23.35,2.9,69.6,22.4,2.5,2.6,3.66,3.73,3.42,3.61,4.26,2.97,17.5,74.9,2.0,968.0,3.27,0.57,0.46,0.1559917355371901,large
427,I.S. 059 SPRINGFIELD GARDENS,56,2,19921.0,21.04,1.9,86.5,5.6,4.6,1.4,3.59,3.78,3.17,4.05,4.03,3.53,19.3,73.7,2.6,586.0,2.93,0.41,0.23,0.09556313993174062,large
257,PARKSIDE PREPARATORY ACADEMY,69,2,19400.0,20.83,3.9,78.1,13.4,2.2,2.4,3.63,3.72,4.27,4.43,3.77,3.76,16.6,88.8,10.1,493.0,3.8,0.34,0.23,0.13995943204868155,small
423,REDWOOD MIDDLE SCHOOL,27,2,20147.0,22.05,16.2,67.0,9.7,4.9,2.3,3.7,3.62,3.35,3.41,3.01,3.76,24.3,68.9,3.9,309.0,3.82,0.33,0.2,0.08737864077669903,small
456,"YOUNG WOMEN'S LEADERSHIP SCHOOL, ASTORIA",29,2,17511.0,14.33,34.7,7.3,39.5,0.9,17.7,3.95,3.65,4.02,3.91,4.34,3.82,12.2,85.1,4.2,565.0,4.38,0.6,0.51,0.05132743362831858,large
228,ACADEMY OF ARTS AND LETTERS,26,2,17010.0,29.7,6.9,31.8,16.4,7.7,37.2,3.87,3.46,4.2,2.73,4.53,3.64,21.0,29.9,0.6,519.0,2.72,0.78,0.68,0.05009633911368015,small
276,I.S. 211 JOHN WILSON,36,2,22692.0,20.09,1.3,86.8,8.6,1.3,1.9,3.95,3.34,3.14,2.97,2.64,2.88,25.9,83.9,6.1,522.0,3.5,0.33,0.2,0.06896551724137931,small
192,BRONX GREEN MIDDLE SCHOOL,37,2,20102.0,23.76,6.6,21.5,57.7,0.8,13.4,3.57,3.53,2.97,3.51,3.42,4.01,21.5,93.7,19.2,395.0,3.07,0.36,0.27,0.09367088607594937,small
274,P.S. 66,37,2,17340.0,27.75,0.7,87.2,7.9,1.6,2.6,3.45,3.86,3.27,3.88,3.6,3.37,11.2,71.5,2.9,822.0,2.6,0.52,0.48,0.045012165450121655,large
405,P.S. 232 LINDENWOOD,33,2,17295.0,29.26,9.6,8.5,46.8,1.8,33.4,4.83,4.59,4.02,4.17,4.11,4.05,18.1,61.9,4.6,970.0,4.13,0.58,0.51,0.03402061855670103,large
278,I.S. 285 MEYER LEVIN,45,2,18095.0,20.77,0.6,93.8,3.5,1.1,1.1,3.63,3.95,2.64,3.55,2.79,3.49,19.2,78.1,3.9,666.0,3.64,0.35,0.22,0.06756756756756757,large
184,P.S. 089 BRONX,25,2,18465.0,25.98,9.2,18.9,54.5,1.6,15.9,2.88,3.7,2.92,3.06,2.82,3.87,17.1,77.1,20.8,1548.0,3.09,0.4,0.36,0.01614987080103359,large
258,M.S. 061 DR. GLADSTONE H. ATWELL,96,2,19469.0,22.2,2.5,86.8,9.2,0.6,1.0,3.55,2.64,2.64,3.5,3.51,2.7,19.2,69.8,5.8,725.0,2.52,0.42,0.33,0.13241379310344828,large
279,THE SCIENCE AND MEDICINE MIDDLE SCHOOL,42,2,22318.0,22.88,0.8,89.0,7.5,0.8,2.0,2.94,2.98,2.49,3.47,3.98,3.01,20.6,81.5,2.0,399.0,2.94,0.37,0.23,0.10526315789473684,small
292,FREDERICK DOUGLASS ACADEMY VIII MIDDLE SCHOOL,52,2,20726.0,22.62,5.7,71.1,20.5,0.6,2.1,4.48,4.23,3.9,4.47,4.48,3.94,18.2,86.3,2.1,336.0,2.55,0.51,0.4,0.15476190476190477,small
415,CATHERINE & COUNT BASIE MIDDLE SCHOOL 72,37,2,18857.0,21.12,8.8,68.5,14.7,5.9,2.1,3.39,2.62,2.42,2.92,2.35,2.25,29.1,81.3,6.9,375.0,2.77,0.24,0.15,0.09866666666666667,small
411,VILLAGE ACADEMY,37,2,21886.0,21.6,1.1,56.3,39.3,1.1,2.2,3.93,4.3,3.46,4.13,3.89,4.18,21.7,82.5,17.0,359.0,3.41,0.22,0.15,0.10306406685236769,small
408,HAWTREE CREEK MIDDLE SCHOOL,25,2,23343.0,15.0,32.2,34.7,20.2,11.2,1.6,4.53,4.6,3.91,4.33,4.91,4.39,20.5,91.5,4.4,366.0,2.87,0.48,0.38,0.06830601092896176,small
180,CRESTON ACADEMY,29,2,22233.0,24.68,1.5,9.8,86.5,0.9,1.3,3.92,3.91,3.91,3.32,3.51,3.49,18.3,91.7,35.0,460.0,4.26,0.3,0.23,0.06304347826086956,small
460,I.S. R002 GEORGE L. EGBERT,75,2,19556.0,20.77,12.3,7.6,29.0,1.8,49.3,3.92,3.85,3.22,3.81,4.1,4.41,23.9,71.1,7.9,979.0,3.78,0.71,0.73,0.07660878447395301,large
234,JOHN ERICSSON MIDDLE SCHOOL 126,35,2,35124.0,17.67,1.1,19.6,68.8,0.5,10.1,4.05,3.73,3.46,3.95,3.89,3.46,25.9,84.1,9.0,378.0,2.42,0.42,0.32,0.09259259259259259,small
283,BROOKLYN SCIENCE AND ENGINEERING ACADEMY,34,2,20147.0,22.05,0.4,93.0,3.9,1.2,1.6,4.49,4.05,3.94,4.82,4.17,4.46,17.1,76.7,3.1,257.0,3.32,0.49,0.36,0.13229571984435798,small
177,IN-TECH ACADEMY (M.S. / HIGH SCHOOL 368),27,2,19194.0,23.55,4.1,8.8,81.6,1.6,4.0,3.61,3.06,3.52,3.09,2.59,2.87,20.7,86.3,16.6,1003.0,2.11,0.46,0.4,0.026919242273180457,large
194,LEADERS OF TOMORROW,29,2,22874.0,15.92,2.0,56.5,36.3,2.5,2.7,3.6,4.05,3.21,4.34,3.73,3.92,32.7,95.2,13.2,400.0,3.25,0.25,0.16,0.0725,small
176,ACADEMY FOR PERSONAL LEADERSHIP AND EXCELLENCE,45,2,26833.0,24.94,1.6,10.2,86.7,0.5,0.9,3.98,3.77,3.49,4.14,3.3,4.01,25.5,89.0,33.6,557.0,3.2,0.27,0.21,0.0807899461400359,large
404,J.H.S. 226 VIRGIL I. GRISSOM,58,2,18695.0,22.9,24.7,38.2,16.6,18.7,1.9,3.31,3.53,2.73,3.76,2.79,2.78,20.4,90.6,6.3,916.0,2.27,0.43,0.34,0.06331877729257641,large
244,M.S. 442 CARROLL GARDENS SCHOOL FOR INNOVATION,25,2,30895.0,17.55,5.4,20.9,39.3,0.8,33.5,4.01,4.32,3.51,3.3,3.83,3.4,38.5,49.4,3.8,239.0,3.37,0.54,0.47,0.10460251046025104,small
224,P.S. 282 PARK SLOPE,38,2,17676.0,25.48,3.6,52.7,25.9,1.9,15.9,3.66,3.73,2.48,3.61,3.62,3.64,17.9,54.2,3.4,742.0,3.65,0.5,0.41,0.05121293800539083,large
250,SUNSET PARK PREP,53,2,18470.0,25.14,2.9,26.2,36.2,1.4,2.5,3.46,3.52,3.92,3.5,2.06,3.99,20.75,82.85,8.7,537.5,3.98,0.41,0.36,0.0986046511627907,small
433,P.S./I.S. 208,28,2,20096.0,27.66,7.8,74.4,13.3,3.4,1.1,4.2,4.34,3.24,3.53,3.83,3.46,18.7,45.8,0.4,707.0,2.54,0.65,0.58,0.039603960396039604,large
434,I.S. 238 - SUSAN B. ANTHONY ACADEMY,123,2,17610.0,22.1,28.6,36.7,28.1,4.6,2.1,3.16,3.06,2.56,3.36,2.81,2.81,13.4,89.7,16.7,1404.0,2.47,0.46,0.37,0.0876068376068376,large
263,I.S. 340,35,2,18806.0,26.33,0.9,78.1,17.0,3.1,0.9,3.66,3.36,3.17,3.34,3.75,3.46,21.4,79.5,0.4,224.0,3.36,0.53,0.42,0.15625,small
437,THE GORDON PARKS SCHOOL,35,2,18383.0,29.0,0.5,96.0,2.1,1.3,0.0,3.51,3.58,3.12,3.45,3.35,3.33,16.1,65.2,0.4,753.0,2.19,0.58,0.46,0.04648074369189907,large
215,"I.S. X318 MATH, SCIENCE & TECHNOLOGY THROUGH ARTS",18,2,24780.0,17.58,2.0,26.2,70.7,0.4,0.8,3.39,3.25,3.0,3.28,3.52,3.16,27.0,98.4,17.6,256.0,2.2,0.26,0.18,0.0703125,small
214,KAPPA III,34,2,20241.0,22.53,1.8,27.0,69.1,0.8,1.3,4.09,3.75,3.96,2.7,3.56,3.18,26.2,90.1,8.8,385.0,3.02,0.38,0.29,0.08831168831168831,small
369,"ROBERT F. WAGNER, JR. SECONDARY SCHOOL FOR ARTS AND TECHNOLOGY",35,2,19211.0,31.55,23.8,4.4,55.2,1.4,15.3,3.69,3.67,4.33,3.52,3.67,3.84,15.5,77.0,5.0,665.0,4.33,0.84,0.82,0.05263157894736842,large
440,P.S./I.S. 295,27,2,19399.0,26.48,36.5,24.0,29.4,6.7,3.4,3.5,3.49,3.62,2.14,3.44,2.98,16.7,77.4,9.5,496.0,3.65,0.62,0.57,0.05443548387096774,small
444,I.S. 010 HORACE GREELEY,56,2,17696.0,23.05,20.0,6.7,56.1,1.1,16.1,3.68,3.94,3.23,3.79,2.73,3.87,17.9,76.9,16.3,741.0,4.09,0.46,0.39,0.07557354925775979,large
397,P.S. 124 OSMOND A CHURCH,52,2,15951.0,29.96,48.1,20.0,22.1,6.8,3.0,3.12,3.6,3.16,3.23,3.46,3.84,12.1,62.7,7.2,1229.0,2.92,0.54,0.52,0.04231082180634662,large
378,I.S. 250 THE ROBERT F. KENNEDY COMMUNITY MIDDLE SCHOOL,41,2,19854.0,23.5,35.8,23.3,27.3,3.8,9.8,2.87,3.04,2.48,2.89,2.06,3.15,18.8,82.2,15.8,399.0,3.21,0.45,0.38,0.10275689223057644,small
261,P.S. 189 THE BILINGUAL CENTER,49,2,16524.0,23.76,3.5,69.5,24.8,0.9,1.2,4.13,4.59,3.63,4.29,2.7,3.88,13.8,92.1,19.4,1054.0,4.27,0.54,0.55,0.046489563567362426,large
260,P.S. 181 BROOKLYN,28,2,18877.0,24.28,1.0,84.0,10.0,2.3,2.6,2.65,2.93,3.27,3.12,3.03,3.56,19.7,74.3,13.9,689.0,3.3,0.32,0.28,0.040638606676342524,large
449,P.S. 127 AEROSPACE SCIENCE MAGNET SCHOOL,28,2,14927.0,23.77,13.1,10.8,74.1,0.5,1.6,3.32,3.43,3.02,2.96,2.65,3.2,15.5,84.9,28.7,1299.0,3.32,0.39,0.36,0.02155504234026174,large
252,M.S. 035 STEPHEN DECATUR,27,2,25636.0,26.08,1.6,85.3,11.0,0.4,1.6,4.16,4.05,4.16,4.82,4.83,4.74,31.8,85.3,2.9,245.0,3.06,0.29,0.19,0.11020408163265306,small
203,M.S. 129 ACADEMY FOR INDEPENDENT LEARNING AND LEADERSHIP,29,2,23038.0,19.81,2.7,28.8,66.2,1.4,1.0,4.04,4.12,3.94,4.18,3.59,4.54,29.4,92.8,12.8,517.0,4.12,0.21,0.15,0.05609284332688588,small
424,M.S. 358,47,2,20147.0,22.05,21.5,29.4,41.5,5.0,2.6,3.73,3.72,3.67,3.54,3.15,3.72,18.9,88.7,15.7,381.0,3.77,0.41,0.32,0.12335958005249344,small
201,PELHAM GARDENS MIDDLE SCHOOL,31,2,21507.0,18.81,3.5,59.0,30.6,2.7,4.2,4.03,4.23,3.44,3.91,3.44,4.06,25.3,76.5,6.7,451.0,3.54,0.31,0.21,0.06873614190687362,small
200,BRONX PARK MIDDLE SCHOOL,52,2,21213.0,23.55,9.4,17.5,58.4,1.2,13.5,3.69,4.14,3.36,4.34,3.66,4.33,19.0,88.4,19.7,406.0,3.13,0.37,0.28,0.12807881773399016,small
452,I.S. 204 OLIVER W. HOLMES,28,2,18779.0,18.05,15.9,16.7,60.3,0.6,6.4,3.52,3.17,2.93,2.81,2.26,2.46,27.1,89.3,17.6,484.0,3.28,0.39,0.32,0.05785123966942149,small
198,ONE WORLD MIDDLE SCHOOL AT EDENWALD,35,2,21609.0,21.31,3.0,58.4,32.2,4.5,1.8,4.81,4.58,4.18,4.38,4.03,4.38,23.2,81.3,6.9,332.0,3.94,0.35,0.25,0.10542168674698796,small
388,P.S./I.S. 178 HOLLISWOOD,23,2,16827.0,30.0,12.9,6.9,10.2,2.5,67.5,4.17,4.22,3.65,3.44,4.11,3.62,14.3,36.7,5.5,566.0,3.48,0.61,0.62,0.04063604240282685,large
197,P.S./M.S. 11X498 - VAN NEST ACADEMY,36,2,19163.0,26.95,7.4,11.9,63.5,1.1,16.0,4.09,3.79,4.33,4.19,4.2,4.44,22.2,75.2,6.8,636.0,3.68,0.5,0.47,0.05660377358490566,large
196,PELHAM ACADEMY OF ACADEMICS AND COMMUNITY ENGAGEMENT,35,2,20620.0,20.0,7.4,13.9,62.5,0.6,15.5,4.13,4.25,3.66,3.3,3.49,3.63,21.4,88.2,13.6,323.0,3.73,0.41,0.34,0.10835913312693499,small
207,P.S. 214,28,2,18699.0,23.08,2.6,25.0,69.5,1.9,1.0,3.67,3.92,2.94,3.77,2.62,3.36,18.6,87.4,12.0,1078.0,2.44,0.34,0.3,0.025974025974025976,large
170,"P.S. 279 CAPTAIN MANUEL RIVERA, JR.",38,2,19685.0,25.22,3.8,16.1,78.9,0.7,0.5,3.99,4.52,3.83,4.19,3.83,4.27,19.7,94.2,29.9,1092.0,3.54,0.31,0.28,0.0347985347985348,large
174,THE BRONX SCHOOL OF YOUNG LEADERS,35,2,23541.0,22.71,1.7,25.4,72.9,0.0,0.0,4.03,4.46,4.33,4.31,4.11,4.38,23.2,87.8,19.6,409.0,3.74,0.31,0.2,0.08557457212713937,small
319,P.S. 209 MARGARET MEAD,33,2,21392.0,23.59,31.5,3.4,24.1,1.0,40.0,3.87,3.69,3.23,3.32,2.82,3.72,26.3,79.5,19.2,733.0,4.03,0.5,0.49,0.045020463847203276,large
60,P.S. 171 PATRICK HENRY,43,2,17443.0,27.07,6.2,26.6,59.9,3.0,4.3,4.85,4.42,3.89,4.12,3.3,3.92,21.4,69.2,3.3,725.0,4.2,0.65,0.65,0.05931034482758621,large
556,CENTRAL QUEENS ACADEMY CHARTER SCHOOL,41,2,20147.0,22.05,18.5,12.0,65.8,0.2,3.5,2.68,3.13,3.58,3.09,3.91,3.29,9.0,86.0,9.2,401.0,3.91,0.56,0.54,0.10224438902743142,small
360,I.S. 077,61,2,18979.0,22.56,9.2,2.2,78.3,0.4,10.0,3.81,3.93,3.54,3.5,2.93,3.73,28.1,92.1,21.3,1012.0,3.34,0.37,0.3,0.06027667984189723,large
550,SUCCESS ACADEMY CHARTER SCHOOL - HARLEM 5,40,2,20147.0,22.05,1.1,67.8,27.2,2.8,1.1,4.27,3.95,3.44,3.71,3.78,3.8,17.2,82.1,5.5,798.0,1.96,0.61,0.64,0.05012531328320802,large
547,THE EQUITY PROJECT CHARTER SCHOOL (TEP),38,2,20147.0,22.05,0.1,3.6,95.1,0.4,0.7,2.96,3.67,3.67,3.61,3.93,3.98,21.3,90.6,28.1,720.0,3.78,0.35,0.32,0.05277777777777778,large
362,I.S. 093 RIDGEWOOD,78,2,17462.0,22.58,9.2,1.9,71.2,0.5,17.2,3.85,3.94,3.24,3.62,3.45,3.99,21.7,94.7,15.3,1099.0,3.24,0.46,0.4,0.07097361237488627,large
544,SUCCESS ACADEMY CHARTER SCHOOL - HARLEM 3,29,2,20147.0,22.05,1.1,61.2,33.6,2.3,1.8,4.43,4.16,3.51,4.25,3.62,3.64,19.0,74.7,3.3,948.0,3.41,0.8,0.85,0.03059071729957806,large
543,SUCCESS ACADEMY CHARTER SCHOOL - HARLEM 2,37,2,20147.0,22.05,1.7,67.0,28.7,0.8,1.7,3.66,3.73,3.51,3.61,3.62,3.64,17.2,77.7,3.1,752.0,3.41,0.75,0.82,0.04920212765957447,large
540,SUCCESS ACADEMY CHARTER SCHOOL - HARLEM 1,35,2,20147.0,22.05,1.1,71.7,22.6,2.9,1.7,4.06,3.93,4.34,3.74,3.81,3.96,14.5,73.1,2.5,1187.0,3.94,0.36,0.31,0.02948609941027801,large
539,DEMOCRACY PREP CHARTER SCHOOL,27,2,20147.0,22.05,0.9,66.2,30.4,1.6,0.9,3.66,3.73,3.51,3.61,3.62,3.64,16.9,83.0,5.1,693.0,3.41,0.78,0.84,0.03896103896103896,large
320,P.S. K225 - THE EILEEN E. ZAGLIN,42,2,22552.0,24.85,19.6,2.0,33.4,1.0,44.0,3.15,2.99,2.18,3.22,1.89,2.9,19.6,76.7,40.9,1011.0,3.47,0.38,0.38,0.04154302670623145,large
364,P.S./I.S. 113 ANTHONY J. PRANZO,26,2,15862.0,30.34,5.2,1.0,41.9,1.1,50.8,4.15,3.93,4.16,4.29,4.23,4.58,15.2,55.5,5.1,896.0,3.4,0.67,0.66,0.029017857142857144,large
300,J.H.S. 062 DITMAS,104,2,18979.0,22.75,32.6,19.8,33.1,0.8,13.6,3.59,3.49,4.02,3.79,2.87,3.8,18.4,87.4,21.5,1204.0,3.73,0.44,0.38,0.08637873754152824,large
530,GREAT OAKS CHARTER SCHOOL,27,2,20147.0,22.05,8.4,25.6,61.9,1.4,2.8,2.15,1.63,3.51,1.3,1.67,1.1,29.8,69.3,4.2,215.0,3.17,0.4,0.29,0.12558139534883722,small
83,P.S./I.S. 187 HUDSON CLIFFS,36,2,17120.0,31.12,4.3,3.4,51.8,4.1,36.4,3.95,3.63,3.84,3.93,4.36,3.9,17.5,42.1,4.8,799.0,3.5,0.64,0.6,0.04505632040050062,large
528,DEMOCRACY PREP ENDURANCE CHARTER SCHOOL,26,2,20147.0,22.05,0.3,66.3,30.1,2.2,1.0,3.66,3.73,4.02,3.61,3.94,4.45,20.2,75.5,5.5,584.0,4.58,0.58,0.56,0.04452054794520548,large
85,P.S./I.S. 210 - TWENTY-FIRST CENTURY ACADEMY FOR COMMUNITY LEADERSHIP,8,2,21254.0,25.3,0.5,2.4,96.9,0.2,0.0,3.8,3.63,3.75,3.69,3.85,3.79,22.0,91.6,35.8,419.0,3.8,0.46,0.51,0.01909307875894988,small
527,BROOKLYN LAB?CHARTER SCHOOL,40,2,20147.0,22.05,1.7,78.3,15.2,3.1,1.7,3.66,3.73,3.51,3.61,3.62,3.64,29.2,67.4,1.8,651.0,3.41,0.32,0.23,0.06144393241167435,large
87,THE MOTT HALL SCHOOL,81,2,20477.0,21.77,2.4,9.2,82.2,1.4,4.8,3.0,3.64,3.79,3.7,3.83,4.07,14.0,80.1,2.7,292.0,4.43,0.67,0.64,0.2773972602739726,small
525,BROOKLYN DREAMS CHARTER SCHOOL,29,2,20147.0,22.05,16.6,60.6,17.9,2.5,2.5,2.87,3.12,3.63,2.37,3.73,3.18,14.3,62.4,10.9,652.0,1.41,0.6,0.53,0.04447852760736196,large
91,M.S. 319 - MARIA TERESA,27,2,21258.0,21.23,0.2,4.3,94.3,0.0,1.2,4.59,4.18,4.19,3.64,4.48,3.86,23.2,97.8,37.3,418.0,3.53,0.32,0.26,0.0645933014354067,small
523,BROOKLYN EAST COLLEGIATE CHARTER SCHOOL,54,2,20147.0,22.05,1.8,81.0,7.3,8.9,0.9,4.54,3.56,4.26,3.35,4.5,3.62,16.8,80.1,2.1,327.0,3.41,0.43,0.37,0.1651376146788991,small
522,OCEAN HILL COLLEGIATE CHARTER SCHOOL,46,2,20147.0,22.05,0.9,83.1,11.3,4.5,0.3,3.24,2.93,3.51,2.02,3.33,2.52,11.9,81.9,3.0,337.0,3.41,0.44,0.37,0.13649851632047477,small
521,LEADERSHIP PREPARATORY OCEAN HILL CHARTER SCHOOL,43,2,20147.0,22.05,0.9,83.8,11.5,3.1,0.7,3.84,3.81,3.37,3.63,3.54,3.14,10.1,81.6,2.4,1171.0,4.42,0.5,0.45,0.036720751494449186,large
327,I.S. 303 HERBERT S. EISENBERG,38,2,19061.0,24.61,21.6,10.2,38.5,0.7,29.0,3.23,3.04,2.66,3.04,2.48,2.52,15.8,77.0,14.1,538.0,3.4,0.42,0.34,0.07063197026022305,large
559,GROWING UP GREEN CHARTER SCHOOL,26,2,20147.0,22.05,12.5,12.3,36.9,6.8,31.4,3.66,3.73,3.51,3.61,3.62,3.64,21.1,47.1,8.7,853.0,3.41,0.43,0.37,0.03048065650644783,large
560,CHALLENGE PREPARATORY CHARTER SCHOOL,29,2,20147.0,22.05,1.0,80.2,15.0,2.0,1.8,3.66,3.73,3.51,3.61,3.62,3.64,15.1,81.3,2.6,769.0,3.1,0.6,0.54,0.0377113133940182,large
561,RIVERTON STREET CHARTER SCHOOL,33,2,20147.0,22.05,0.6,90.0,7.3,1.4,0.6,4.22,4.33,3.92,4.72,4.52,4.24,13.4,43.5,1.2,941.0,2.67,0.71,0.7,0.03506907545164718,large
338,I. S. 381,30,2,20669.0,23.5,9.0,52.5,20.1,2.0,16.4,4.39,4.8,3.73,4.33,3.97,4.2,18.4,68.9,15.6,244.0,4.0,0.47,0.36,0.12295081967213115,small
336,ANDRIES HUDDE,74,2,18569.0,20.82,18.6,58.0,13.6,1.3,8.5,2.34,1.9,2.3,2.33,2.99,2.67,17.6,85.2,13.7,743.0,2.95,0.42,0.31,0.09959623149394348,large
588,ICAHN CHARTER SCHOOL 4,29,2,20147.0,22.05,2.8,60.9,32.2,2.8,1.3,3.66,3.73,3.51,3.61,3.62,3.64,7.5,73.1,0.3,320.0,3.41,0.77,0.78,0.090625,small
15,YORKVILLE EAST MIDDLE SCHOOL,42,2,20147.0,22.05,8.6,12.0,25.3,4.7,49.4,3.4,3.65,3.84,3.95,4.45,3.69,26.2,34.3,1.7,233.0,4.2,0.69,0.57,0.18025751072961374,small
586,SUCCESS ACADEMY CHARTER SCHOOL - BRONX 1,30,2,20147.0,22.05,1.4,54.1,42.3,1.7,0.4,4.03,4.08,3.51,3.84,3.62,3.64,11.2,80.5,4.0,697.0,3.41,0.82,0.88,0.043041606886657105,large
21,I.S. 289,47,2,17648.0,29.3,44.2,3.9,11.3,2.1,38.5,4.05,4.43,3.97,3.65,3.95,3.78,23.3,50.2,1.8,283.0,4.11,0.72,0.67,0.16607773851590105,small
584,ACADEMIC LEADERSHIP CHARTER SCHOOL,32,2,20147.0,22.05,0.2,46.1,51.5,1.1,1.1,2.79,3.0,3.81,3.4,3.05,2.98,9.8,90.2,11.8,549.0,3.41,0.34,0.25,0.058287795992714025,large
28,QUEST TO LEARN,33,2,18782.0,25.16,10.8,22.0,42.7,4.3,20.3,3.13,3.76,3.14,3.38,3.67,3.47,29.9,68.4,2.7,586.0,2.56,0.47,0.36,0.05631399317406143,large
583,THE EQUALITY CHARTER SCHOOL,31,2,20147.0,22.05,1.6,65.0,31.7,0.8,0.9,2.83,2.25,3.92,2.41,3.11,2.79,20.2,78.0,3.1,640.0,4.01,0.63,0.6,0.0484375,large
582,GIRLS PREPARATORY CHARTER SCHOOL OF THE BRONX,40,2,20147.0,22.05,0.4,33.8,62.3,2.2,1.2,2.64,2.5,3.52,3.18,3.26,2.86,17.7,86.7,5.8,804.0,3.03,0.44,0.33,0.04975124378109453,large
580,AMERICAN DREAM CHARTER SCHOOL,26,2,20147.0,22.05,0.0,6.1,93.0,0.6,0.3,4.49,4.48,4.06,4.29,4.2,4.68,17.1,96.2,17.4,345.0,3.41,0.43,0.37,0.07536231884057971,small
334,P.S. 207 ELIZABETH G. LEARY,43,2,16136.0,27.06,12.3,33.9,15.6,2.1,36.2,3.52,4.41,3.56,3.79,4.09,3.7,19.0,50.7,4.3,1228.0,3.13,0.63,0.63,0.03501628664495114,large
578,ATMOSPHERE CHARTER SCHOOL,43,2,20147.0,22.05,2.0,18.1,77.8,1.0,1.0,3.5,3.39,3.65,2.42,3.2,2.75,22.2,86.0,12.2,392.0,2.39,0.48,0.47,0.1096938775510204,small
37,P.S. 180 HUGO NEWMAN,22,2,20175.0,22.74,2.4,51.6,29.5,5.7,10.8,2.65,2.53,2.6,2.7,3.59,1.95,16.1,71.6,7.0,545.0,2.6,0.42,0.38,0.04036697247706422,large
576,BRONX ACADEMY OF PROMISE CHARTER SCHOOL,58,2,20147.0,22.05,1.6,40.4,57.0,0.9,0.2,3.66,3.73,3.51,3.61,3.62,3.64,14.9,88.4,12.3,579.0,4.51,0.64,0.65,0.1001727115716753,large
331,J.H.S. 078 ROY H. MANN,35,2,20043.0,21.76,6.9,70.2,9.2,1.6,12.2,4.1,3.91,3.88,4.06,3.72,4.14,26.1,84.7,6.7,567.0,2.33,0.43,0.3,0.06172839506172839,large
573,ICAHN CHARTER SCHOOL 2,31,2,20147.0,22.05,5.3,30.6,59.7,1.9,2.5,3.66,3.73,3.51,3.61,3.62,3.64,11.2,66.3,5.3,320.0,4.99,0.78,0.85,0.096875,small
330,J.H.S. 014 SHELL BANK,41,2,26293.0,18.6,14.9,38.9,16.6,1.7,28.0,4.0,3.8,2.99,4.04,3.08,3.9,24.8,91.2,24.4,525.0,3.29,0.35,0.28,0.07809523809523809,small
358,I.S. 061 LEONARDO DA VINCI,93,2,17705.0,22.0,7.1,2.7,87.9,0.4,1.8,3.66,3.73,3.52,3.61,3.62,3.64,20.5,96.2,31.5,2238.0,3.73,0.34,0.28,0.04155495978552279,large
570,BRONX CHARTER SCHOOL FOR EXCELLENCE,65,2,20147.0,22.05,24.1,39.4,33.9,1.4,1.2,4.18,4.08,2.82,4.07,4.05,4.08,9.1,77.3,9.0,809.0,2.81,0.37,0.38,0.08034610630407911,large
569,FAMILY LIFE ACADEMY CHARTER SCHOOL II,30,2,20147.0,22.05,0.6,23.9,74.8,0.4,0.2,3.47,3.78,3.63,3.54,3.02,2.98,13.2,92.2,13.0,485.0,3.41,0.68,0.67,0.061855670103092786,small
565,NEW WORLD PREPARATORY CHARTER SCHOOL,26,2,20147.0,22.05,1.9,25.1,67.5,0.5,5.0,3.7,3.57,3.51,3.26,3.37,3.08,24.3,93.7,12.2,378.0,2.69,0.56,0.58,0.06878306878306878,small
563,OUR WORLD NEIGHBORHOOD CHARTER SCHOOL,35,2,20147.0,22.05,18.2,6.4,38.9,3.3,33.2,3.97,4.73,3.51,4.53,3.04,4.19,11.0,73.4,7.9,730.0,3.33,0.37,0.31,0.04794520547945205,large
520,ACHIEVEMENT FIRST APOLLO CHARTER SCHOOL,65,2,20147.0,22.05,4.7,60.5,32.5,1.2,1.2,2.77,2.8,2.96,3.16,4.08,2.56,12.0,85.6,6.2,856.0,3.13,0.73,0.76,0.07593457943925233,large
517,HEBREW LANGUAGE ACADEMY CHARTER SCHOOL,26,2,20147.0,22.05,1.5,47.9,5.1,1.7,43.8,3.66,3.73,3.51,3.61,3.62,3.64,19.3,67.3,5.8,724.0,4.91,0.77,0.81,0.03591160220994475,large
515,EXPLORE EMPOWER CHARTER SCHOOL,26,2,20147.0,22.05,1.1,87.6,8.8,1.5,1.0,3.84,3.75,4.25,3.81,3.95,4.02,23.3,81.3,5.4,523.0,4.7,0.43,0.42,0.0497131931166348,small
135,P.S./I.S. 218 RAFAEL HERNANDEZ DUAL LANGUAGE MAGNET SCHOOL,63,2,19413.0,28.62,2.8,4.4,91.0,0.8,1.1,3.77,3.82,3.73,3.73,2.96,3.26,18.9,86.7,28.7,1009.0,3.3,0.39,0.36,0.062438057482656094,large
489,ACHIEVEMENT FIRST EAST NEW YORK CHARTER SCHOOL,25,2,20147.0,22.05,0.7,75.5,21.5,1.7,0.6,3.93,3.79,4.35,3.73,3.88,3.79,12.7,83.5,1.9,873.0,3.08,0.37,0.28,0.0286368843069874,large
488,KIPP AMP CHARTER SCHOOL,35,2,20147.0,22.05,1.6,86.0,9.6,2.4,0.4,4.17,4.28,4.18,4.23,3.84,4.07,16.8,84.1,1.9,900.0,3.41,0.65,0.72,0.03888888888888889,large
139,I.S. 232,41,2,19760.0,20.85,0.8,18.6,79.7,0.0,0.8,2.33,2.77,2.12,2.35,2.32,3.72,23.0,96.3,39.1,488.0,3.64,0.26,0.17,0.08401639344262295,small
487,ACHIEVEMENT FIRST CROWN HEIGHTS CHARTER SCHOOL,49,2,20147.0,22.05,0.3,94.6,3.8,0.9,0.4,2.93,1.0,3.14,1.82,3.46,2.13,16.2,75.1,0.2,1063.0,3.88,0.52,0.49,0.04609595484477893,large
286,J.H.S. 218 JAMES P. SINNOTT,23,2,22923.0,20.33,17.1,35.7,42.5,2.4,2.2,2.88,3.67,2.61,3.22,3.01,3.64,25.2,92.9,25.2,409.0,3.37,0.2,0.15,0.05623471882640587,small
143,BRONX WRITING ACADEMY,29,2,21047.0,17.75,1.6,32.0,63.9,1.1,1.4,2.71,2.75,2.44,3.45,2.43,2.97,25.1,95.0,28.8,438.0,3.39,0.25,0.17,0.06621004566210045,small
481,J.H.S. 383 PHILIPPA SCHUYLER,179,2,17124.0,25.42,4.4,35.6,56.9,1.4,1.7,3.44,2.59,3.13,3.15,2.48,3.96,15.3,83.4,4.8,871.0,3.11,0.31,0.28,0.20551090700344432,large
475,P.S./I.S. 045 HORACE E. GREENE,24,2,19790.0,25.25,2.9,42.6,49.9,1.2,3.4,2.38,3.37,2.66,2.8,3.14,3.8,18.4,81.6,16.3,681.0,2.92,0.31,0.3,0.03524229074889868,large
148,I.S. 339,27,2,26815.0,16.38,1.7,29.3,68.0,0.4,0.6,3.52,3.48,3.44,3.54,3.32,3.37,26.9,91.3,29.3,516.0,3.68,0.21,0.15,0.05232558139534884,small
474,STATEN ISLAND SCHOOL OF CIVIC LEADERSHIP,34,2,19670.0,30.7,12.5,20.2,43.0,4.2,20.1,3.37,4.04,3.29,3.48,4.0,4.13,25.1,78.6,3.3,906.0,3.19,0.38,0.33,0.037527593818984545,large
152,SCIENCE AND TECHNOLOGY ACADEMY: A MOTT HALL SCHOOL,35,2,19508.0,20.8,2.9,28.9,68.0,0.0,0.2,4.6,4.47,4.05,4.57,3.87,4.68,20.6,91.7,18.3,447.0,4.49,0.37,0.27,0.07829977628635347,small
154,YOUNG WOMEN'S LEADERSHIP SCHOOL OF THE BRONX,30,2,19854.0,30.67,2.6,36.6,58.3,1.5,1.1,3.86,4.48,3.6,4.23,3.94,3.84,19.6,86.2,6.0,465.0,3.16,0.57,0.46,0.06451612903225806,small
156,P.S. X015 INSTITUTE FOR ENVIRONMENTAL LEARNING,27,2,19838.0,27.79,1.0,11.5,86.3,1.0,0.2,3.63,3.57,3.88,3.5,3.71,3.73,20.0,79.0,9.8,480.0,3.35,0.51,0.49,0.05625,small
157,"P.S./M.S. 20 P.O.GEORGE J. WERDANN, III",42,2,19787.0,29.89,9.2,10.9,72.4,2.1,5.4,3.1,2.33,2.45,2.68,2.06,2.08,24.5,94.8,24.2,1072.0,3.1,0.32,0.27,0.03917910447761194,large
469,I.S. 061 WILLIAM A MORRIS,40,2,20038.0,23.2,4.0,32.8,45.6,2.3,15.3,4.34,4.65,3.77,4.35,4.34,4.15,30.2,82.2,11.4,981.0,3.52,0.67,0.59,0.040774719673802244,large
159,THOMAS C. GIORDANO MIDDLE SCHOOL 45,46,2,20065.0,19.44,2.0,15.6,77.2,0.8,4.4,2.54,3.55,2.69,3.44,3.08,3.89,18.5,97.0,20.1,710.0,2.96,0.34,0.22,0.0647887323943662,large
160,J.H.S. 080 THE MOSHOLU PARKWAY,51,2,23165.0,19.44,12.7,12.9,68.6,0.9,4.9,3.54,3.19,3.21,3.68,2.62,3.15,22.7,90.6,33.6,691.0,4.08,0.23,0.17,0.07380607814761216,large
161,P.S. 095 SHEILA MENCHER,42,2,19614.0,25.81,6.2,17.0,70.1,1.9,4.7,3.69,3.47,2.86,3.57,4.0,3.62,19.5,81.2,17.8,1288.0,3.61,0.4,0.33,0.03260869565217391,large
467,I.S. 49 BERTA A. DREYFUS,42,2,21610.0,18.49,9.0,34.8,46.1,1.0,9.2,3.75,4.19,3.83,4.7,4.48,4.61,35.5,94.1,13.2,612.0,4.28,0.75,0.79,0.06862745098039216,large
166,JONAS BRONCK ACADEMY,64,2,29413.0,28.67,6.7,13.8,75.0,2.2,2.2,4.78,4.65,4.13,4.49,3.8,4.1,18.3,89.6,5.6,268.0,3.63,0.58,0.53,0.23880597014925373,small
168,THE NEW SCHOOL FOR LEADERSHIP AND JOURNALISM,91,2,18955.0,25.19,4.1,12.3,80.2,0.9,2.4,3.61,3.74,3.94,4.15,3.97,4.01,22.1,96.8,21.4,748.0,3.91,0.35,0.28,0.12165775401069519,large
348,I.S. 392,46,2,18977.0,22.17,4.1,74.9,15.6,4.7,0.7,3.54,3.89,3.65,4.45,4.03,3.97,16.6,74.6,0.7,295.0,2.79,0.65,0.57,0.15593220338983052,small
171,P.S./M.S. 280 MOSHOLU PARKWAY,41,2,18900.0,29.56,10.4,7.9,75.1,0.7,5.9,4.41,4.61,3.57,3.85,3.77,4.15,28.0,95.9,16.8,876.0,3.55,0.39,0.36,0.04680365296803653,large
490,LAUNCH EXPEDITIONARY LEARNING CHARTER SCHOOL,27,2,20147.0,22.05,1.3,81.5,13.6,3.0,0.7,4.68,4.76,4.25,4.45,4.43,4.41,25.5,93.7,4.3,302.0,2.97,0.75,0.78,0.08940397350993377,small
134,KAPPA,25,2,18314.0,19.25,5.7,47.3,44.8,0.9,1.3,3.74,3.64,3.64,4.0,3.16,3.95,24.6,90.5,15.1,317.0,4.04,0.33,0.26,0.07886435331230283,small
514,BROOKLYN SCHOLARS CHARTER SCHOOL,26,2,20147.0,22.05,7.1,67.8,23.2,1.7,0.1,3.66,3.73,3.51,3.61,3.62,3.64,10.8,69.5,1.6,706.0,4.75,0.84,0.9,0.036827195467422094,large
133,MOTT HALL III,68,2,17483.0,22.69,1.1,41.0,55.9,1.4,0.6,3.84,4.64,4.32,3.71,3.3,3.78,17.1,93.4,4.7,363.0,4.29,0.52,0.43,0.18732782369146006,small
513,BROWNSVILLE ASCEND CHARTER SCHOOL,24,2,20147.0,22.05,0.7,86.4,10.2,2.0,0.7,3.24,3.85,3.23,4.07,4.18,3.68,13.3,73.4,0.9,1030.0,2.58,0.56,0.57,0.02330097087378641,large
509,EXCELLENCE GIRLS CHARTER SCHOOL,59,2,20147.0,22.05,1.9,78.0,16.4,3.1,0.6,3.45,3.43,3.34,3.56,3.6,3.36,10.5,71.6,1.7,1483.0,4.06,0.56,0.54,0.03978422117329737,large
508,LEADERSHIP PREPARATORY BROWNSVILLE CHARTER SCHOOL,31,2,20147.0,22.05,0.1,83.7,14.7,1.0,0.4,3.6,4.01,2.75,3.63,3.57,3.31,12.6,90.6,2.0,763.0,3.48,0.7,0.71,0.04062909567496723,large
507,BROWNSVILLE COLLEGIATE CHARTER SCHOOL,29,2,20147.0,22.05,0.9,66.2,25.9,6.1,0.9,3.54,3.16,3.13,3.31,4.09,3.28,18.4,86.0,6.1,343.0,3.95,0.58,0.6,0.08454810495626822,small
109,ACADEMY OF APPLIED MATHEMATICS AND TECHNOLOGY,31,2,22281.0,22.77,0.7,28.3,69.0,0.7,1.3,4.09,4.41,3.76,4.15,3.61,4.14,25.0,94.3,11.7,300.0,4.3,0.35,0.25,0.10333333333333333,small
505,EXPLORE CHARTER SCHOOL,37,2,20147.0,22.05,0.0,82.4,14.4,3.0,0.2,3.65,3.76,3.8,3.92,3.93,3.93,13.5,76.5,6.6,533.0,3.7,0.71,0.63,0.06941838649155722,small
113,P.S. 071 ROSE E. SCALA,96,2,18321.0,25.53,8.2,5.0,62.5,1.5,22.8,3.82,4.02,3.09,3.25,2.96,3.28,19.6,73.0,10.9,1646.0,3.41,0.49,0.45,0.0583232077764277,large
503,BROOKLYN ASCEND CHARTER SCHOOL,48,2,20147.0,22.05,0.6,94.1,3.9,1.3,0.1,4.47,4.16,4.24,3.3,3.95,3.82,12.6,81.9,1.0,1400.0,4.09,0.59,0.72,0.03428571428571429,large
116,J.H.S. 125 HENRY HUDSON,39,2,22085.0,19.25,25.1,12.3,51.0,4.5,7.2,3.66,3.73,3.51,3.61,3.62,3.64,20.3,95.5,24.2,359.0,3.41,0.36,0.29,0.10863509749303621,small
502,PAVE ACADEMY CHARTER SCHOOL,41,2,20147.0,22.05,1.9,42.0,53.9,0.6,1.6,2.88,2.38,3.87,2.41,3.5,2.87,18.5,87.0,10.1,486.0,4.25,0.61,0.62,0.08436213991769548,small
501,BEDFORD STUYVESANT COLLEGIATE CHARTER SCHOOL,37,2,20147.0,22.05,1.4,63.0,32.5,2.5,0.6,2.52,2.01,3.72,2.52,3.62,3.23,15.3,70.9,4.2,354.0,1.7,0.53,0.53,0.10451977401129943,small
500,ACHIEVEMENT FIRST BROWNSVILLE CHARTER SCHOOL,55,2,20147.0,22.05,0.9,86.4,11.0,1.3,0.4,4.06,4.13,4.24,4.0,4.39,4.07,12.3,83.4,2.5,1023.0,4.44,0.44,0.39,0.053763440860215055,large
499,KINGS COLLEGIATE CHARTER SCHOOL,27,2,20147.0,22.05,0.3,90.0,7.2,2.2,0.3,4.34,4.03,4.26,3.56,3.62,3.64,15.5,76.4,1.1,639.0,3.41,0.59,0.6,0.04225352112676056,large
121,THE SCHOOL FOR INQUIRY AND SOCIAL JUSTICE,39,2,21495.0,21.27,1.9,23.7,71.8,1.9,0.6,4.84,4.52,3.88,3.72,3.09,3.82,26.6,79.9,13.3,518.0,4.4,0.4,0.32,0.07528957528957529,small
122,"ARCHIMEDES ACADEMY FOR MATH, SCIENCE AND TECHNOLOGY APPLICATIONS",30,2,20453.0,18.2,9.9,28.0,59.2,1.0,1.9,3.28,2.58,2.81,3.03,1.88,2.54,25.2,82.5,9.5,686.0,3.19,0.38,0.29,0.043731778425655975,large
123,URBAN INSTITUTE OF MATHEMATICS,39,2,24312.0,19.33,4.0,12.3,65.7,2.0,16.0,3.88,4.17,3.06,4.15,4.68,4.03,21.1,77.1,6.9,350.0,3.53,0.48,0.36,0.11142857142857143,small
498,EXCELLENCE BOYS CHARTER SCHOOL,39,2,20147.0,22.05,3.2,82.0,10.7,2.8,1.3,4.04,3.67,3.97,3.76,3.72,3.94,17.2,75.7,1.7,815.0,4.55,0.46,0.39,0.04785276073619632,large
497,ACHIEVEMENT FIRST BUSHWICK CHARTER SCHOOL,53,2,20147.0,22.05,1.2,30.3,67.6,0.3,0.7,3.4,3.73,3.5,3.81,3.94,3.19,18.5,84.5,10.3,1114.0,3.62,0.6,0.61,0.04757630161579892,large
495,LEADERSHIP PREP BEDFORD STUYVESANT UNCOMMON PREP CHARTER SCHOOL,56,2,20147.0,22.05,1.0,81.6,12.1,4.2,1.2,3.71,4.52,3.83,4.38,4.75,4.25,10.6,79.4,2.3,1107.0,3.25,0.67,0.6,0.05058717253839205,large
494,ACHIEVEMENT FIRST ENDEAVOR CHARTER SCHOOL,32,2,20147.0,22.05,0.5,84.8,12.7,1.2,0.9,4.19,3.25,3.51,3.06,3.57,3.23,15.1,79.0,0.9,1039.0,3.79,0.66,0.68,0.030798845043310877,large
129,BLUEPRINT MIDDLE SCHOOL,29,2,20157.0,22.33,18.8,14.3,60.7,1.2,5.1,3.34,3.02,3.43,3.14,2.79,3.33,22.9,83.9,12.5,336.0,3.55,0.36,0.3,0.08630952380952381,small
493,INVICTUS PREPARATORY CHARTER SCHOOL,30,2,20147.0,22.05,6.2,69.4,22.9,0.8,0.8,3.84,3.62,3.51,3.51,3.9,3.36,22.1,76.4,8.9,258.0,3.41,0.54,0.46,0.11627906976744186,small
485,EXPLORE EXCEED CHARTER SCHOOL,38,2,20147.0,22.05,2.8,72.9,22.2,2.0,0.2,3.02,3.4,3.27,3.31,3.78,3.55,23.6,77.8,7.9,505.0,4.44,0.43,0.4,0.07524752475247524,small
368,CORONA ARTS AND SCIENCES ACADEMY,16,1,23093.0,33.33,2.0,1.1,96.2,0.3,0.4,3.56,3.9,3.82,3.71,3.14,3.93,18.8,97.4,23.9,733.0,3.07,0.38,0.32,0.021828103683492497,large
297,EAST NEW YORK MIDDLE SCHOOL OF EXCELLENCE,16,1,23649.0,20.17,2.8,57.7,37.5,0.0,2.0,3.15,3.56,3.12,3.77,4.49,4.21,27.7,90.5,10.3,253.0,3.03,0.25,0.17,0.06324110671936758,small
379,"QUEENS SCHOOL OF INQUIRY, THE",23,1,17410.0,9.61,40.8,16.1,24.1,1.9,17.0,3.89,4.23,3.73,3.47,3.57,3.69,14.8,59.7,4.7,576.0,2.93,0.64,0.61,0.03993055555555555,large
558,VOICE CHARTER SCHOOL OF NEW YORK,20,1,20147.0,22.05,14.7,12.6,59.8,4.3,8.7,3.96,3.81,3.88,3.88,4.17,4.08,16.1,81.8,17.3,682.0,3.48,0.55,0.53,0.02932551319648094,large
532,THE OPPORTUNITY CHARTER SCHOOL,12,1,20147.0,22.05,1.4,50.9,45.3,1.9,0.5,3.31,3.32,4.09,3.57,3.16,3.68,62.4,81.2,9.6,426.0,3.15,0.6,0.67,0.028169014084507043,small
533,HARLEM CHILDREN'S ZONE PROMISE ACADEMY 1 CHARTER SCHOOL,23,1,20147.0,22.05,0.3,80.6,16.5,1.8,0.8,4.57,3.98,4.08,3.81,4.15,4.18,15.9,85.3,3.5,1160.0,4.16,0.37,0.3,0.019827586206896553,large
534,GIRLS PREPARATORY CHARTER SCHOOL OF NEW YORK,16,1,20147.0,22.05,2.1,46.6,46.3,2.9,2.0,2.57,1.75,2.88,1.77,3.24,2.99,16.7,78.4,2.1,654.0,3.94,0.49,0.48,0.024464831804281346,large
536,KIPP INFINITY CHARTER SCHOOL,15,1,20147.0,22.05,0.4,28.2,69.6,0.5,1.3,2.93,2.76,3.65,2.49,3.05,2.88,23.1,87.7,10.1,1134.0,3.44,0.61,0.65,0.013227513227513227,large
538,HARLEM CHILDREN'S ZONE PROMISE ACADEMY II CHARTER SCHOOL,18,1,20147.0,22.05,0.6,82.1,14.7,2.2,0.5,3.91,3.71,3.79,3.58,3.42,3.08,14.6,82.2,3.1,1009.0,4.19,0.43,0.31,0.017839444995044598,large
542,DREAM CHARTER SCHOOL,16,1,20147.0,22.05,1.6,30.5,65.3,1.4,1.2,3.66,3.73,3.51,3.61,3.62,3.64,26.8,86.0,6.5,642.0,3.41,0.8,0.86,0.024922118380062305,large
545,SUCCESS ACADEMY CHARTER SCHOOL - HARLEM 4,20,1,20147.0,22.05,1.6,63.2,29.4,2.9,2.9,4.57,4.51,4.77,3.98,3.2,4.28,19.2,74.8,5.0,579.0,4.5,0.29,0.2,0.03454231433506045,large
546,ST. HOPE LEADERSHIP ACADEMY CHARTER SCHOOL,22,1,20147.0,22.05,1.7,58.8,37.2,1.7,0.7,4.58,4.46,4.66,4.28,4.21,4.39,21.9,93.4,7.3,301.0,4.48,0.37,0.36,0.07308970099667775,small
548,INWOOD ACADEMY FOR LEADERSHIP CHARTER SCHOOL,20,1,20147.0,22.05,0.5,5.7,92.3,1.0,0.5,2.99,3.04,3.28,3.15,3.42,2.79,21.7,92.2,14.3,888.0,3.85,0.48,0.44,0.02252252252252252,large
549,DEMOCRACY PREP HARLEM CHARTER SCHOOL,21,1,20147.0,22.05,0.6,64.6,32.5,1.7,0.6,3.66,3.73,3.51,3.61,3.62,3.64,15.9,84.8,6.4,946.0,3.41,0.8,0.84,0.022198731501057084,large
554,KIPP STAR COLLEGE PREP CHARTER SCHOOL,18,1,20147.0,22.05,0.5,48.0,47.8,3.0,0.7,3.8,3.54,4.18,3.38,3.79,3.94,24.5,84.4,5.0,923.0,2.86,0.47,0.43,0.01950162513542795,large
567,MOTT HALL CHARTER SCHOOL,16,1,20147.0,22.05,0.4,36.6,59.4,2.4,1.2,3.61,3.58,4.06,2.97,1.53,3.43,17.7,93.3,15.7,254.0,3.41,0.43,0.41,0.06299212598425197,small
526,BUSHWICK ASCEND CHARTER SCHOOL,25,1,20147.0,22.05,1.1,22.0,75.2,0.7,1.0,3.66,3.73,3.51,3.61,3.62,3.64,16.0,82.2,16.8,887.0,3.41,0.61,0.65,0.02818489289740699,large
571,HYDE LEADERSHIP CHARTER SCHOOL,19,1,20147.0,22.05,0.4,30.2,68.4,0.4,0.5,3.66,3.32,3.68,3.37,3.42,2.93,22.5,90.4,13.0,972.0,3.41,0.78,0.77,0.01954732510288066,large
572,SOUTH BRONX CLASSICAL CHARTER SCHOOL,23,1,20147.0,22.05,2.4,36.4,58.8,0.6,1.8,3.66,3.73,3.51,3.61,3.62,3.64,11.7,88.1,18.8,495.0,3.41,0.7,0.71,0.046464646464646465,small
574,BRONX GLOBAL LEARNING INSTITUTE FOR GIRLS CHARTER SCHOOL,22,1,20147.0,22.05,1.6,26.4,69.3,1.8,0.9,4.35,4.19,4.02,4.32,4.29,4.46,11.0,89.0,14.2,436.0,3.7,0.5,0.56,0.05045871559633028,small
575,BRONX COMMUNITY CHARTER SCHOOL,19,1,20147.0,22.05,4.1,24.0,67.2,1.4,3.3,3.7,2.7,3.87,3.49,3.5,3.73,21.1,84.8,17.6,512.0,2.34,0.6,0.65,0.037109375,small
577,ICAHN CHARTER SCHOOL 3,17,1,20147.0,22.05,2.8,63.5,29.7,1.2,2.8,3.63,3.52,3.83,3.63,4.08,3.7,9.6,81.4,2.5,323.0,3.41,0.38,0.29,0.05263157894736842,small
579,METROPOLITAN LIGHTHOUSE CHARTER SCHOOL,15,1,20147.0,22.05,0.4,38.1,58.5,1.9,1.2,3.66,3.73,3.51,3.61,3.62,3.64,10.2,88.3,14.4,520.0,3.41,0.43,0.37,0.028846153846153848,small
585,SOUTH BRONX EARLY COLLEGE ACADEMY CHARTER SCHOOL,11,1,20147.0,22.05,0.3,32.2,66.4,0.3,0.9,3.66,3.73,3.51,3.61,3.62,3.64,27.4,88.8,12.4,339.0,3.41,0.83,0.9,0.032448377581120944,small
589,ICAHN CHARTER SCHOOL 5,20,1,20147.0,22.05,4.1,58.0,31.0,1.3,5.6,2.88,3.25,2.82,3.38,3.38,3.51,6.9,65.2,0.9,319.0,3.31,0.33,0.33,0.06269592476489028,small
590,BRONX PREPARATORY CHARTER SCHOOL,22,1,20147.0,22.05,0.3,47.7,50.5,0.8,0.7,3.82,3.33,3.88,3.56,3.75,3.66,12.2,82.9,7.8,715.0,4.33,0.55,0.56,0.03076923076923077,large
591,KIPP ACADEMY CHARTER SCHOOL,23,1,20147.0,22.05,0.2,41.3,56.5,1.4,0.6,3.5,3.62,3.89,3.01,2.15,3.06,17.5,87.4,10.8,1074.0,2.98,0.6,0.61,0.021415270018621976,large
592,HARRIET TUBMAN CHARTER SCHOOL,24,1,20147.0,22.05,0.4,62.9,34.6,1.3,0.7,3.66,3.73,3.51,3.61,3.62,3.64,8.8,79.1,11.2,680.0,2.87,0.69,0.73,0.03529411764705882,large
529,KIPP WASHINGTON HEIGHTS MIDDLE SCHOOL,19,1,20147.0,22.05,0.1,10.3,88.3,0.5,0.8,4.11,3.14,2.54,3.25,3.69,3.49,18.3,89.9,11.1,990.0,3.06,0.54,0.53,0.01919191919191919,large
524,BEDFORD STUYVESANT NEW BEGINNINGS CHARTER SCHOOL,26,1,20147.0,22.05,0.1,52.8,45.4,0.7,0.9,4.25,3.51,4.1,3.47,4.02,4.25,19.5,92.8,13.0,676.0,3.41,0.43,0.37,0.038461538461538464,large
381,WORLD JOURNALISM PREPARATORY: A COLLEGE BOARD SCHOOL,16,1,16645.0,26.48,15.0,3.7,35.6,1.9,43.7,3.48,4.23,3.23,4.11,3.57,3.83,18.7,56.4,1.6,567.0,3.48,0.69,0.63,0.02821869488536155,large
445,P.S./I.S. 78Q,14,1,20564.0,26.93,22.1,3.7,28.5,5.8,39.9,4.41,3.54,3.5,3.0,4.06,3.08,10.9,26.9,4.5,706.0,3.69,0.76,0.74,0.019830028328611898,large
394,M.S. 053 BRIAN PICCOLO,16,1,24932.0,15.26,1.1,52.1,43.1,2.2,1.5,3.72,3.76,3.24,3.2,3.42,3.46,32.6,80.9,20.6,267.0,2.85,0.15,0.15,0.0599250936329588,small
406,CHANNEL VIEW SCHOOL FOR RESEARCH,15,1,21414.0,19.45,8.7,42.9,34.3,2.0,12.0,4.38,4.56,3.46,4.0,3.57,3.77,12.8,72.6,2.0,888.0,2.63,0.61,0.54,0.016891891891891893,large
409,ACADEMY OF MEDICAL TECHNOLOGY: A COLLEGE BOARD SCHOOL,13,1,16574.0,9.56,6.3,43.2,43.7,3.0,3.9,3.02,3.56,3.35,3.84,3.46,3.98,15.8,78.6,17.2,639.0,2.96,0.3,0.22,0.02034428794992175,large
417,METROPOLITAN EXPEDITIONARY LEARNING SCHOOL,21,1,17773.0,24.2,19.6,17.1,39.7,6.9,16.6,3.86,4.58,3.94,4.09,3.94,4.02,19.0,71.1,1.9,841.0,1.97,0.61,0.52,0.02497027348394768,large
420,YORK EARLY COLLEGE ACADEMY,21,1,15475.0,22.77,28.0,50.6,8.2,11.6,1.5,4.11,3.5,4.05,3.65,4.0,3.49,10.5,71.5,1.1,646.0,3.8,0.67,0.6,0.032507739938080496,large
421,THE EMERSON SCHOOL,21,1,25550.0,21.2,19.7,50.7,20.3,7.1,2.2,3.36,3.3,3.11,3.4,2.53,3.34,25.8,85.8,12.6,365.0,3.01,0.3,0.22,0.057534246575342465,small
422,QUEENS COLLEGIATE: A COLLEGE BOARD SCHOOL,24,1,18033.0,13.2,27.9,46.6,15.9,7.9,1.6,3.3,2.53,2.85,2.89,2.94,2.71,16.1,86.1,7.5,671.0,3.86,0.49,0.38,0.03576751117734724,large
432,I.S. 192 THE LINDEN,18,1,19444.0,18.21,3.7,78.4,9.9,6.8,1.2,3.76,3.72,4.27,3.91,4.52,4.25,22.2,72.0,8.4,486.0,2.65,0.38,0.23,0.037037037037037035,small
436,P.S./I.S. 268,27,1,19097.0,22.52,27.8,28.5,32.1,9.3,2.2,4.09,3.66,3.64,3.87,3.94,3.57,13.9,78.2,16.5,632.0,2.43,0.54,0.5,0.04272151898734177,large
439,QUEENS UNITED MIDDLE SCHOOL,21,1,26059.0,16.0,0.0,88.2,5.9,4.9,1.0,4.28,4.33,2.81,3.88,2.61,3.31,18.6,74.5,2.5,204.0,1.75,0.44,0.29,0.10294117647058823,small
442,COLLABORATIVE ARTS MIDDLE SCHOOL,17,1,19142.0,17.88,1.6,86.6,9.2,2.3,0.3,3.26,4.38,3.7,3.91,3.64,3.75,26.6,77.0,4.6,305.0,2.09,0.39,0.23,0.05573770491803279,small
464,THE EAGLE ACADEMY FOR YOUNG MEN OF STATEN ISLAND,18,1,20147.0,22.05,4.7,48.6,34.8,2.4,9.5,4.1,4.02,3.79,4.27,4.85,4.39,34.0,82.6,5.5,253.0,2.95,0.66,0.67,0.07114624505928854,small
518,UNITY PREP CHARTER SCHOOL,15,1,20147.0,22.05,0.6,77.7,17.7,3.0,1.1,3.18,3.74,3.37,3.72,3.95,3.47,22.3,76.6,5.5,470.0,3.5,0.54,0.4,0.031914893617021274,small
473,THE MICHAEL J. PETRIDES SCHOOL,22,1,21857.0,23.38,8.7,21.2,23.7,3.7,42.7,3.95,4.0,3.49,4.08,4.03,2.8,28.5,47.1,1.4,1313.0,3.85,0.57,0.49,0.016755521706016754,large
480,P.S. 377 ALEJANDRINA B. DE GAUTIER,20,1,25423.0,21.24,1.3,19.0,79.0,0.0,0.6,3.81,4.16,3.5,3.18,3.26,3.51,32.1,93.3,17.8,315.0,2.98,0.63,0.59,0.06349206349206349,small
483,ALL CITY LEADERSHIP SECONDARY SCHOOL,22,1,17901.0,22.2,7.1,8.3,76.3,0.2,8.0,4.06,3.97,4.15,4.33,3.16,4.62,8.0,85.3,1.6,435.0,2.97,0.26,0.2,0.05057471264367816,small
486,WILLIAMSBURG COLLEGIATE CHARTER SCHOOL,22,1,20147.0,22.05,0.3,27.2,71.2,0.0,1.2,3.66,3.73,3.85,3.61,3.62,3.64,21.7,83.9,6.8,323.0,3.41,0.62,0.64,0.06811145510835913,small
492,EXPLORE EXCEL CHARTER SCHOOL,23,1,20147.0,22.05,1.1,91.7,4.4,2.2,0.6,3.66,3.73,3.51,3.61,3.62,3.64,18.6,78.7,6.3,544.0,3.41,0.3,0.21,0.042279411764705885,large
496,COMMUNITY ROOTS CHARTER SCHOOL,16,1,20147.0,22.05,5.3,29.1,16.0,8.6,40.9,4.56,4.44,4.43,4.3,3.93,4.16,21.5,29.1,1.7,474.0,3.41,0.63,0.68,0.03375527426160337,small
504,COMMUNITY PARTNERSHIP CHARTER SCHOOL,17,1,20147.0,22.05,1.5,75.8,19.5,2.2,1.0,2.81,2.75,2.85,2.8,3.58,2.76,16.5,86.2,2.5,405.0,3.65,0.45,0.42,0.04197530864197531,small
506,BROOKLYN PROSPECT CHARTER SCHOOL,24,1,20147.0,22.05,8.4,11.6,36.1,4.6,39.4,3.58,2.86,3.42,1.78,3.74,3.18,17.8,46.5,1.5,742.0,4.2,0.35,0.26,0.03234501347708895,large
510,LEADERSHIP PREP CANARSIE CHARTER SCHOOL (LEADERSHIP PREP CS 4),21,1,20147.0,22.05,0.5,91.0,5.4,2.5,0.7,3.81,3.35,4.07,3.48,4.32,3.56,12.3,81.0,0.4,765.0,4.01,0.28,0.21,0.027450980392156862,large
512,BROOKLYN EXCELSIOR CHARTER SCHOOL,23,1,20147.0,22.05,1.0,79.4,18.1,1.1,0.5,4.06,3.72,4.03,3.92,3.87,4.1,14.6,73.1,3.5,631.0,3.31,0.46,0.46,0.03645007923930269,large
516,CONEY ISLAND PREPARATORY PUBLIC CHARTER SCHOOL,22,1,20147.0,22.05,8.9,38.2,34.6,2.1,16.2,3.19,4.05,2.75,3.52,3.17,3.06,23.7,82.8,5.2,1011.0,2.4,0.55,0.54,0.021760633036597428,large
349,KAPPA V (KNOWLEDGE AND POWER PREPARATORY ACADEMY),20,1,22828.0,19.42,0.0,87.7,9.2,2.6,0.4,2.78,3.58,2.32,3.82,3.55,3.31,30.7,82.0,1.3,228.0,2.49,0.31,0.2,0.08771929824561403,small
593,ICAHN CHARTER SCHOOL,24,1,20147.0,22.05,1.2,49.8,48.3,0.6,0.0,4.28,4.21,3.6,4.21,4.6,4.34,7.3,84.2,7.3,329.0,3.31,0.66,0.71,0.0729483282674772,small
73,P.S. 161 PEDRO ALBIZU CAMPOS,16,1,21096.0,22.83,2.1,20.6,74.1,1.1,2.0,2.6,3.24,2.86,3.52,3.77,3.84,24.8,96.4,26.7,838.0,2.83,0.31,0.29,0.01909307875894988,large
182,P.S. 019 JUDITH K. WEISS,24,1,19006.0,28.63,2.9,6.8,28.0,2.2,60.1,4.06,4.18,3.12,3.73,3.87,3.81,16.0,59.7,9.4,511.0,3.56,0.59,0.57,0.046966731898238745,small
262,M.S. 246 WALT WHITMAN,24,1,22880.0,18.27,1.0,73.4,20.1,0.7,4.8,3.31,3.32,3.33,3.36,3.28,3.89,22.3,85.2,30.3,413.0,4.3,0.21,0.15,0.05811138014527845,small
67,ISAAC NEWTON MIDDLE SCHOOL FOR MATH & SCIENCE,20,1,20734.0,21.6,5.7,26.0,65.6,0.0,2.6,3.0,3.14,3.41,3.58,3.13,3.75,31.3,91.1,12.0,192.0,4.42,0.35,0.26,0.10416666666666667,small
204,E.S.M.T- I.S. 190,19,1,22168.0,19.77,1.7,22.0,73.4,2.1,0.8,3.27,3.41,3.13,3.27,2.77,3.07,24.1,91.3,9.1,241.0,3.92,0.31,0.24,0.07883817427385892,small
199,BAYCHESTER MIDDLE SCHOOL,15,1,21904.0,15.56,1.7,68.0,26.7,3.0,0.7,3.52,3.02,2.98,3.43,3.27,2.59,21.7,86.3,4.0,300.0,2.98,0.31,0.19,0.05,small
195,CORNERSTONE ACADEMY FOR SOCIAL ACTION MIDDLE SCHOOL (CASA),24,1,22214.0,24.7,0.0,64.0,32.6,0.7,2.6,4.1,3.57,4.32,4.13,3.51,4.22,24.7,81.6,2.2,267.0,2.38,0.38,0.28,0.0898876404494382,small
193,BRONX ALLIANCE MIDDLE SCHOOL,24,1,26570.0,11.22,4.1,63.1,30.7,1.2,0.9,2.44,1.84,1.82,2.65,2.64,2.37,20.9,82.0,5.3,339.0,2.73,0.27,0.18,0.07079646017699115,small
191,NORTH BRONX SCHOOL OF EMPOWERMENT,23,1,22830.0,17.86,2.8,59.2,33.1,2.5,2.5,2.74,2.73,2.27,2.56,2.06,2.25,26.6,86.8,13.9,568.0,2.3,0.23,0.15,0.040492957746478875,large
61,P.S. 206 JOSE CELSO BARBOSA,17,1,31446.0,17.0,2.5,27.9,63.8,2.7,3.0,3.22,3.67,2.81,3.55,3.3,3.68,41.9,84.1,16.1,473.0,3.2,0.31,0.28,0.035940803382663845,small
282,MIDDLE SCHOOL OF MARKETING AND LEGAL STUDIES,17,1,20605.0,17.33,4.6,87.0,3.1,1.5,3.8,3.66,3.73,3.51,3.61,3.62,3.64,19.1,88.5,13.7,131.0,3.41,0.23,0.15,0.1297709923664122,small
105,THE LABORATORY SCHOOL OF FINANCE AND TECHNOLOGY: X223,18,1,19074.0,25.06,0.6,17.8,80.6,0.3,0.7,4.52,3.84,4.13,2.72,3.36,3.28,21.3,97.4,8.9,684.0,4.34,0.48,0.41,0.02631578947368421,large
179,THE ANGELO PATRI MIDDLE SCHOOL,17,1,24051.0,17.42,1.5,21.9,74.3,0.9,1.3,2.21,2.6,2.63,2.87,2.94,2.62,27.0,91.9,36.0,530.0,2.62,0.21,0.15,0.03207547169811321,small
178,M.S. 390,24,1,23289.0,19.66,0.6,12.8,86.5,0.0,0.2,3.52,3.51,3.14,3.91,4.28,3.87,25.0,98.1,29.7,539.0,3.97,0.29,0.2,0.04452690166975881,large
218,EMOLIOR ACADEMY,20,1,23351.0,19.15,3.5,24.7,62.9,5.8,3.1,3.34,3.06,2.95,3.19,3.2,2.94,28.2,91.1,19.7,259.0,3.41,0.23,0.15,0.07722007722007722,small
271,"SCIENCE, TECHNOLOGY AND RESEARCH EARLY COLLEGE HIGH SCHOOL AT ERASMUS",20,1,16142.0,23.13,4.4,80.0,11.8,2.4,1.3,4.13,4.77,4.37,4.17,3.89,3.91,13.9,75.8,0.9,541.0,4.15,0.63,0.51,0.036968576709796676,large
272,MEDGAR EVERS COLLEGE PREPARATORY SCHOOL,15,1,14356.0,39.0,2.3,88.0,4.8,4.1,0.9,3.66,3.73,3.31,3.61,3.62,3.64,7.3,67.1,0.2,1257.0,3.71,0.9,0.88,0.011933174224343675,large
275,I.S. 068 ISAAC BILDERSEE,16,1,20549.0,18.87,2.7,83.2,7.1,0.9,6.2,4.6,4.5,3.09,3.58,3.08,3.84,28.3,82.3,21.5,339.0,3.35,0.22,0.15,0.0471976401179941,small
259,P.S. 138 BROOKLYN,23,1,21886.0,21.13,1.6,79.5,13.1,1.1,4.8,4.74,4.04,3.68,4.31,4.78,4.57,18.2,92.0,8.3,565.0,4.17,0.49,0.45,0.04070796460176991,large
256,MADIBA PREP MIDDLE SCHOOL,20,1,21968.0,18.33,1.9,73.0,22.0,0.6,2.5,3.63,3.16,3.19,3.19,4.45,3.58,31.4,86.8,8.8,159.0,1.98,0.37,0.23,0.12578616352201258,small
254,"M.S. 267 MATH, SCIENCE & TECHNOLOGY",19,1,25524.0,20.64,0.7,71.9,19.9,6.0,1.5,3.96,3.83,2.93,4.37,3.69,4.08,35.2,87.3,5.2,267.0,3.59,0.32,0.21,0.07116104868913857,small
248,PARK SLOPE COLLEGIATE,21,1,20298.0,17.23,4.4,35.0,39.4,3.1,18.0,4.16,3.99,3.26,3.51,3.89,3.23,22.0,66.8,6.7,654.0,2.7,0.58,0.46,0.03211009174311927,large
221,M.S. 113 RONALD EDMONDS LEARNING CENTER,20,1,21089.0,18.41,4.3,68.2,23.0,2.0,2.6,3.41,3.32,3.18,3.64,3.95,3.73,30.2,91.1,5.9,305.0,2.54,0.32,0.21,0.06557377049180328,small
82,J.H.S. 143 ELEANOR ROOSEVELT,17,1,24818.0,21.24,0.0,2.3,91.7,0.8,5.3,2.86,3.77,2.61,3.13,3.27,3.91,27.9,88.7,58.9,265.0,3.25,0.17,0.15,0.06415094339622641,small
92,MIDDLE SCHOOL 322,22,1,21632.0,21.11,0.6,3.2,94.5,0.0,1.6,4.53,4.17,3.12,4.19,4.3,3.87,20.6,92.6,39.0,310.0,3.66,0.29,0.23,0.07096774193548387,small
93,M.S. 324 - PATRIA MIRABAL,20,1,22577.0,22.5,0.5,12.0,84.2,0.5,2.8,4.79,4.41,4.04,3.83,3.62,3.86,27.1,90.5,34.3,399.0,3.84,0.31,0.22,0.05012531328320802,small
227,THE URBAN ASSEMBLY UNISON SCHOOL,21,1,25839.0,19.86,7.4,79.2,11.4,0.0,2.0,2.39,3.63,3.06,3.97,4.15,4.07,31.5,89.3,8.1,149.0,3.06,0.28,0.15,0.14093959731543623,small
229,URBAN ASSEMBLY INSTITUTE OF MATH AND SCIENCE FOR YOUNG WOMEN,22,1,17738.0,18.01,9.0,64.2,14.0,1.5,11.5,2.15,2.85,2.49,2.7,3.12,3.66,16.7,84.8,8.1,480.0,3.26,0.44,0.32,0.04583333333333333,small
230,FORT GREENE PREPARATORY ACADEMY,17,1,20865.0,18.36,5.5,62.2,28.9,1.5,2.0,3.11,3.03,2.78,3.34,3.42,3.54,32.8,90.5,7.5,201.0,3.04,0.29,0.18,0.0845771144278607,small
95,COMMUNITY HEALTH ACADEMY OF THE HEIGHTS,16,1,18856.0,16.67,0.9,6.5,90.8,0.3,1.6,3.72,4.64,4.05,4.42,4.24,4.39,18.9,93.0,17.4,703.0,4.11,0.36,0.29,0.02275960170697013,large
233,P.S. 084 JOSE DE DIEGO,18,1,23406.0,25.14,3.7,3.8,62.0,5.0,25.5,3.55,3.84,3.35,3.52,3.94,3.63,16.6,47.0,15.9,793.0,2.41,0.48,0.45,0.02269861286254729,large
235,P.S./I.S. 157 THE BENJAMIN FRANKLIN HEALTH & SCIENCE ACADEMY,15,1,22083.0,20.67,0.4,18.2,78.7,0.8,1.9,3.49,3.37,3.38,3.36,4.11,3.4,27.3,86.6,17.1,479.0,2.74,0.28,0.22,0.031315240083507306,small
74,URBAN ASSEMBLY ACADEMY FOR FUTURE LEADERS,15,1,24503.0,21.5,2.4,55.6,34.9,5.3,1.8,2.69,2.56,2.62,2.32,3.16,2.88,33.1,89.9,6.5,169.0,2.58,0.26,0.15,0.08875739644970414,small
98,WASHINGTON HEIGHTS ACADEMY,15,1,17838.0,28.33,1.9,1.8,93.9,0.7,1.8,3.9,3.86,3.79,3.59,4.17,3.62,15.6,89.5,12.8,571.0,4.49,0.59,0.57,0.02626970227670753,large
209,MOTT HALL V,17,1,17738.0,15.92,2.8,16.6,77.6,1.9,1.2,4.27,4.01,3.74,3.03,3.3,3.29,27.0,84.8,12.6,682.0,3.92,0.28,0.18,0.024926686217008796,large
243,I.S. 136 CHARLES O. DEWEY,18,1,23921.0,23.19,7.6,2.7,81.2,0.4,8.0,3.6,4.37,3.84,4.18,3.06,4.13,23.1,97.3,39.8,485.0,2.79,0.25,0.18,0.03711340206185567,small
71,P.S. 129 JOHN H. FINLEY,21,1,22732.0,20.81,3.4,48.5,44.4,2.5,1.1,2.37,2.82,2.37,2.34,1.83,3.24,25.3,92.9,8.5,435.0,3.34,0.32,0.27,0.04827586206896552,small
280,EAST FLATBUSH COMMUNITY RESEARCH SCHOOL,18,1,23191.0,20.08,0.0,87.8,7.6,0.8,3.8,3.08,2.89,3.92,3.89,4.57,3.79,26.0,91.6,11.5,131.0,3.67,0.22,0.15,0.13740458015267176,small
56,JAMES WELDON JOHNSON,20,1,19237.0,24.79,3.5,26.0,67.4,1.3,1.7,3.35,3.49,3.01,3.22,2.91,3.37,27.4,87.9,10.4,818.0,2.02,0.39,0.37,0.02444987775061125,large
284,P.S. 089 CYPRESS HILLS,17,1,21960.0,21.24,0.9,3.1,94.5,1.5,0.0,3.34,4.26,3.67,4.15,4.19,3.85,23.4,92.8,44.6,457.0,2.98,0.29,0.27,0.037199124726477024,small
29,"BALLET TECH, NYC PUBLIC SCHOOL FOR DANCE",15,1,23002.0,21.29,31.9,19.1,21.3,5.7,22.0,4.46,3.81,4.64,4.1,4.38,4.54,4.3,53.2,1.4,141.0,4.18,0.8,0.79,0.10638297872340426,small
317,P.S. 099 ISAAC ASIMOV,17,1,16662.0,27.9,42.2,7.5,17.8,0.8,31.6,4.15,4.14,3.66,4.49,3.77,4.45,12.9,73.7,27.9,876.0,4.01,0.45,0.46,0.019406392694063926,large
150,THE HIGHBRIDGE GREEN SCHOOL,18,1,25249.0,23.83,0.5,23.9,73.6,1.0,1.0,3.81,3.45,4.42,3.85,3.38,3.4,25.9,97.2,21.7,397.0,3.58,0.3,0.2,0.04534005037783375,small
328,KINGSBOROUGH EARLY COLLEGE SCHOOL,15,1,17445.0,14.77,7.5,24.0,29.2,2.1,37.1,4.76,4.83,3.38,4.62,3.78,4.31,18.7,70.8,1.5,657.0,3.86,0.49,0.4,0.0228310502283105,large
329,BROOKLYN STUDIO SECONDARY SCHOOL,19,1,16564.0,11.79,21.4,3.5,29.2,1.3,44.6,3.58,3.55,3.3,3.41,2.16,3.09,19.7,75.9,15.7,942.0,3.73,0.45,0.41,0.020169851380042462,large
32,CITY KNOLL MIDDLE SCHOOL,17,1,20147.0,22.05,9.7,25.4,50.8,4.2,9.7,3.24,2.7,2.91,1.74,2.64,1.97,30.1,74.2,8.5,236.0,3.89,0.35,0.25,0.07203389830508475,small
127,SOUNDVIEW ACADEMY FOR CULTURE AND SCHOLARSHIP,19,1,24047.0,14.52,2.6,33.8,62.1,0.5,1.0,4.3,4.04,3.36,2.88,3.51,3.27,27.8,79.2,9.1,385.0,3.73,0.33,0.24,0.04935064935064935,small
146,COMPREHENSIVE MODEL SCHOOL PROJECT M.S. 327,15,1,20147.0,19.46,0.3,21.0,77.2,0.3,1.2,3.93,4.26,3.73,3.77,3.3,3.91,24.8,91.0,11.9,734.0,4.26,0.38,0.3,0.020435967302452316,large
117,J.H.S. 131 ALBERT EINSTEIN,22,1,21401.0,25.0,4.6,32.6,60.7,1.1,1.1,2.94,3.32,2.73,3.54,3.15,3.22,32.8,84.3,12.2,460.0,3.18,0.3,0.19,0.04782608695652174,small
145,URBAN SCIENCE ACADEMY,16,1,19170.0,16.01,0.6,30.6,67.5,0.0,1.3,3.66,3.73,3.51,3.61,3.62,3.64,24.6,87.4,33.8,317.0,3.41,0.22,0.15,0.050473186119873815,small
128,MOTT HALL COMMUNITY SCHOOL,21,1,23976.0,17.47,2.7,17.5,68.9,0.0,10.9,2.23,2.28,2.97,2.65,2.17,3.27,31.1,86.4,11.8,331.0,3.06,0.34,0.22,0.0634441087613293,small
7,EAST SIDE COMMUNITY SCHOOL,16,1,20377.0,10.64,11.9,16.5,53.7,3.2,14.6,4.37,4.57,4.53,4.2,4.68,4.31,26.4,64.7,0.9,683.0,2.51,0.61,0.54,0.02342606149341142,large
6,SCHOOL FOR GLOBAL LEADERS,19,1,23623.0,20.33,13.7,27.3,56.6,0.8,1.6,4.78,3.2,3.67,3.62,4.07,3.68,38.3,80.1,9.0,256.0,3.12,0.32,0.22,0.07421875,small
131,J.H.S. 022 JORDAN L. MOTT,24,1,23807.0,16.76,1.4,20.7,75.5,0.5,2.0,3.22,3.35,3.39,3.75,3.42,3.64,23.6,97.5,35.8,444.0,3.06,0.2,0.15,0.05405405405405406,small
141,I.S. X303 LEADERSHIP & COMMUNITY SERVICE,16,1,22009.0,20.31,0.9,25.9,71.4,0.9,0.9,4.07,4.86,4.44,4.87,3.76,4.71,32.8,99.4,12.0,332.0,4.35,0.36,0.25,0.04819277108433735,small
312,URBAN ASSEMBLY SCHOOL FOR CRIMINAL JUSTICE,24,1,15834.0,14.79,47.7,16.4,18.3,1.8,15.8,4.36,3.89,3.87,4.12,3.15,4.13,14.4,94.4,14.9,556.0,4.47,0.43,0.37,0.04316546762589928,large
124,THE BRONX MATHEMATICS PREPARATORY SCHOOL,17,1,23801.0,18.93,2.5,28.3,65.4,2.5,1.3,3.33,3.55,2.63,3.51,3.29,3.74,37.5,99.2,14.6,240.0,3.24,0.21,0.15,0.07083333333333333,small
294,VISTA ACADEMY,24,1,25266.0,22.8,5.1,23.9,65.4,3.5,2.1,3.62,3.73,3.76,3.95,3.59,3.71,19.7,97.4,9.5,431.0,2.8,0.48,0.37,0.05568445475638051,small
49,WEST PREP ACADEMY,21,1,24840.0,19.45,0.5,60.6,36.5,0.5,2.0,3.54,4.47,3.61,4.13,3.95,3.95,34.5,85.7,6.4,203.0,3.9,0.31,0.2,0.10344827586206896,small
172,BRONX DANCE ACADEMY SCHOOL,19,1,25641.0,19.75,1.5,22.3,75.5,0.0,0.7,3.66,3.73,3.12,3.61,2.73,3.4,23.8,92.9,4.8,269.0,3.5,0.39,0.28,0.07063197026022305,small
288,I.S. 364 GATEWAY,21,1,22663.0,21.71,1.4,64.3,31.1,0.6,2.6,2.79,3.19,2.62,3.49,3.28,2.9,28.0,80.6,1.4,350.0,2.89,0.32,0.21,0.06,small
167,WEST BRONX ACADEMY FOR THE FUTURE,18,1,19655.0,9.12,1.8,18.1,77.8,0.7,1.6,2.62,3.56,3.36,3.56,3.13,3.74,26.0,94.6,12.4,607.0,2.45,0.41,0.33,0.029654036243822075,large
293,VAN SICLEN COMMUNITY MIDDLE SCHOOL,15,1,23994.0,16.86,1.7,70.7,22.2,1.3,4.0,3.64,3.89,3.5,4.63,4.02,4.39,35.0,94.6,11.8,297.0,3.26,0.21,0.15,0.050505050505050504,small
84,HAMILTON GRANGE MIDDLE SCHOOL,18,1,20147.0,22.05,1.1,12.4,83.1,1.5,1.9,3.74,3.45,3.65,3.91,4.2,3.61,22.1,92.9,23.2,267.0,3.66,0.34,0.24,0.06741573033707865,small
46,P.S. 333 MANHATTAN SCHOOL FOR CHILDREN,15,1,20066.0,27.05,6.0,11.4,17.9,5.7,59.0,3.99,3.03,3.04,2.64,4.36,2.44,18.6,17.5,2.3,753.0,3.5,0.73,0.73,0.0199203187250996,large
102,P.S./M.S. 031 THE WILLIAM LLOYD GARRISON,9,0,19918.0,25.32,2.8,27.4,66.4,0.8,2.5,2.16,2.75,2.94,3.13,2.74,3.47,24.6,91.2,14.0,708.0,2.97,0.27,0.24,0.012711864406779662,large
107,SOUTH BRONX ACADEMY FOR APPLIED MEDIA,6,0,22138.0,19.84,1.2,32.8,64.0,1.2,0.8,2.73,3.36,2.59,3.41,2.79,3.07,31.6,93.3,10.3,253.0,3.18,0.24,0.15,0.023715415019762844,small
118,BRONX STUDIO SCHOOL FOR WRITERS AND ARTISTS,0,0,20045.0,13.5,0.6,19.8,78.4,0.2,1.1,2.56,3.25,3.03,2.99,3.15,3.55,26.3,84.8,13.1,643.0,2.95,0.27,0.18,0.0,large
132,I.S. 117 JOSEPH H. WADE,0,0,23014.0,20.03,1.9,17.5,79.7,0.4,0.4,2.88,2.85,2.59,3.24,3.77,3.22,24.2,94.5,39.6,513.0,2.85,0.2,0.15,0.0,small
86,I.S. 218 SALOME URENA,0,0,26887.0,19.32,0.6,4.0,94.3,0.6,0.6,3.66,3.73,3.51,3.61,3.62,3.64,22.9,93.7,41.7,175.0,3.41,0.25,0.15,0.0,small
89,CITY COLLEGE ACADEMY OF THE ARTS,13,0,18560.0,28.24,1.5,3.5,91.4,0.7,3.0,3.24,3.33,3.27,3.12,3.4,3.31,14.6,82.6,5.5,602.0,3.64,0.53,0.45,0.02159468438538206,large
90,AMISTAD DUAL LANGUAGE SCHOOL,12,0,19824.0,22.74,1.5,1.5,91.9,0.8,4.3,3.82,3.66,3.9,3.99,3.94,4.18,13.2,81.0,25.3,395.0,4.09,0.44,0.4,0.030379746835443037,small
104,SOUTH BRONX PREPARATORY: A COLLEGE BOARD SCHOOL,8,0,19410.0,26.83,1.5,25.0,71.0,0.6,1.8,4.44,4.58,4.61,4.2,3.18,4.18,26.7,96.4,7.3,659.0,4.06,0.35,0.28,0.012139605462822459,large
106,P.S./I.S. 224,0,0,21783.0,19.24,0.3,26.3,71.8,0.3,1.4,2.64,1.92,2.27,2.82,3.36,2.37,27.1,98.0,22.1,358.0,2.18,0.22,0.16,0.0,small
94,COMMUNITY MATH & SCIENCE PREP,9,0,24851.0,16.22,3.9,12.7,82.5,0.4,0.4,2.35,3.21,2.88,3.42,4.37,3.83,35.8,99.1,50.7,229.0,2.85,0.15,0.15,0.039301310043668124,small
108,ACADEMY OF PUBLIC RELATIONS,9,0,20363.0,18.15,0.4,20.6,76.5,0.8,1.6,3.12,2.47,3.09,2.82,3.47,3.04,27.1,91.1,27.9,247.0,2.61,0.27,0.17,0.03643724696356275,small
130,P.S./M.S. 004 CROTONA PARK WEST,7,0,21985.0,20.28,0.7,54.5,42.6,1.1,1.2,3.27,3.63,2.91,2.78,2.31,3.21,24.9,92.5,11.9,571.0,3.1,0.31,0.28,0.012259194395796848,large
110,HOSTOS-LINCOLN ACADEMY OF SCIENCE,0,0,17909.0,19.18,2.2,22.0,73.6,0.8,1.4,3.21,3.84,3.88,3.76,3.89,4.09,21.9,85.4,4.3,508.0,3.32,0.43,0.35,0.0,small
96,WASHINGTON HEIGHTS EXPEDITIONARY LEARNING SCHOOL,6,0,19546.0,26.0,0.9,3.4,91.7,0.6,3.4,4.75,4.34,4.06,4.3,3.66,4.33,20.6,76.3,15.5,815.0,3.21,0.36,0.27,0.007361963190184049,large
111,THE URBAN ASSEMBLY BRONX ACADEMY OF LETTERS,0,0,18612.0,12.17,0.3,33.2,62.9,0.7,2.9,4.48,3.52,3.23,3.89,3.62,3.64,30.7,89.8,14.1,590.0,3.26,0.25,0.17,0.0,large
119,M.S. 301 PAUL L. DUNBAR,0,0,27706.0,22.65,0.0,40.8,57.1,0.4,1.6,3.22,3.39,2.79,3.6,3.86,3.0,25.3,94.7,26.1,245.0,2.81,0.18,0.15,0.0,small
97,HARBOR HEIGHTS,0,0,22135.0,23.0,0.0,0.0,100.0,0.0,0.0,3.77,3.34,4.32,3.69,4.15,4.21,0.0,98.4,85.3,129.0,3.45,0.15,0.15,0.0,small
103,J.H.S. 151 LOU GEHRIG,0,0,24328.0,17.97,0.0,26.8,70.5,0.4,2.3,3.59,3.78,3.01,3.6,4.07,3.94,24.5,99.2,33.7,261.0,2.05,0.21,0.15,0.0,small
126,THE HUNTS POINT SCHOOL,0,0,26423.0,19.1,1.3,23.0,73.5,1.3,1.0,2.44,3.26,2.74,3.73,3.15,3.74,30.1,94.5,24.3,309.0,2.46,0.2,0.15,0.0,small
120,M.S. 302 LUISA DESSUS CRUZ,13,0,22320.0,22.69,0.4,21.7,75.8,0.8,1.2,3.97,3.38,3.52,3.9,3.89,3.75,30.7,94.1,26.8,488.0,3.2,0.24,0.16,0.02663934426229508,small
99,I.S. 528 BEA FULLER RODGERS SCHOOL,0,0,20975.0,22.6,0.4,1.3,98.2,0.0,0.0,3.91,3.68,4.52,3.95,4.45,3.58,17.4,96.0,24.6,224.0,3.62,0.36,0.21,0.0,small
125,ANTONIA PANTOJA PREPARATORY ACADEMY: A COLLEGE BOARD SCHOOL,9,0,20787.0,18.64,7.2,18.6,70.5,1.5,2.2,2.13,2.58,2.98,2.9,3.61,3.49,26.7,81.4,15.8,404.0,3.26,0.36,0.24,0.022277227722772276,small
112,I.S. 584,10,0,20147.0,22.05,0.0,24.2,75.1,0.7,0.0,3.66,3.73,3.51,3.61,3.62,3.64,33.2,97.1,23.1,277.0,3.41,0.43,0.37,0.036101083032490974,small
100,P.S. 5 PORT MORRIS,8,0,20312.0,22.25,0.4,27.4,68.4,0.8,2.9,4.12,3.27,2.5,3.36,2.74,3.02,22.3,95.4,23.3,722.0,2.29,0.26,0.23,0.0110803324099723,large
511,SUMMIT ACADEMY CHARTER SCHOOL,7,0,20147.0,22.05,0.6,46.1,47.6,3.3,2.4,3.66,3.73,3.51,3.61,3.62,3.64,19.9,83.0,6.3,336.0,4.43,0.43,0.39,0.020833333333333332,small
101,P.S./M.S. 029 MELROSE SCHOOL,10,0,21645.0,22.71,1.5,29.9,66.0,1.4,1.1,4.06,3.74,3.38,2.78,3.13,3.34,20.2,92.4,12.8,792.0,2.19,0.26,0.22,0.012626262626262626,large
115,J.H.S. 123 JAMES M. KIERAN,11,0,21408.0,21.96,2.8,23.7,72.4,0.8,0.3,3.21,3.65,2.69,3.64,3.63,3.73,27.3,87.3,26.5,355.0,3.34,0.22,0.15,0.030985915492957747,small
342,P.S. 178 SAINT CLAIR MCKELWAY,0,0,22970.0,18.0,1.9,75.3,18.0,1.6,3.2,3.42,4.03,2.78,4.02,3.98,4.49,18.8,88.1,5.6,377.0,2.68,0.35,0.3,0.0,small
81,J.H.S. 052 INWOOD,13,0,22924.0,22.21,0.0,3.4,94.8,1.1,0.7,3.5,3.4,2.87,2.91,4.1,3.65,21.3,97.4,42.7,267.0,3.7,0.24,0.17,0.04868913857677903,small
562,RENAISSANCE CHARTER SCHOOL,13,0,20147.0,22.05,18.8,6.7,61.8,1.6,11.2,3.58,4.26,3.69,4.32,4.17,4.01,15.9,74.5,7.8,565.0,2.97,0.66,0.65,0.023008849557522124,large
564,JOHN W. LAVELLE PREPARATORY CHARTER SCHOOL,16,0,20147.0,22.05,2.7,42.2,42.9,1.7,10.5,3.48,3.78,4.02,3.97,3.05,3.71,35.6,72.9,2.4,697.0,3.55,0.43,0.33,0.02295552367288379,large
53,P.S. 007 SAMUEL STERN,0,0,20702.0,23.0,2.8,27.5,65.5,1.7,2.5,3.67,3.17,2.64,2.63,2.57,2.82,26.6,90.5,13.2,357.0,3.66,0.37,0.33,0.0,small
566,GRAND CONCOURSE CHARTER SCHOOL,19,0,20147.0,22.05,3.6,34.7,58.0,1.8,2.0,2.93,2.81,3.64,3.28,3.4,3.74,10.0,88.9,14.3,559.0,3.81,0.37,0.28,0.03398926654740608,large
51,FREDERICK DOUGLASS ACADEMY II SECONDARY SCHOOL,0,0,21189.0,13.0,2.8,63.8,31.1,1.1,1.1,2.6,2.34,3.23,2.76,2.7,2.33,24.3,80.2,11.6,354.0,4.25,0.2,0.15,0.0,small
568,BRONX LIGHTHOUSE CHARTER SCHOOL,0,0,20147.0,22.05,1.1,32.6,65.1,0.9,0.3,4.37,4.44,3.85,4.34,4.03,4.25,16.8,90.0,7.2,650.0,4.49,0.64,0.61,0.0,large
48,WADLEIGH SECONDARY SCHOOL FOR THE PERFORMING & VISUAL ARTS,0,0,21962.0,9.83,0.7,54.0,39.2,3.2,2.9,2.41,3.27,3.03,2.99,3.79,3.26,25.5,80.9,3.2,278.0,3.41,0.27,0.15,0.0,small
44,COMMUNITY ACTION SCHOOL - MS 258,11,0,22415.0,21.5,1.3,42.6,46.6,0.4,9.0,3.95,4.72,3.39,4.62,4.15,4.05,24.7,75.3,4.0,223.0,3.94,0.4,0.29,0.04932735426008968,small
43,LAFAYETTE ACADEMY,11,0,24280.0,15.9,1.4,50.0,34.8,3.6,10.1,3.62,3.93,3.43,3.87,3.98,4.34,23.9,84.1,15.9,138.0,3.73,0.37,0.29,0.07971014492753623,small
42,M.S. 250 WEST SIDE COLLABORATIVE MIDDLE SCHOOL,0,0,23191.0,31.67,1.1,29.8,52.8,6.7,9.6,3.43,4.83,3.57,4.64,4.2,4.08,28.7,71.3,6.7,178.0,2.71,0.34,0.23,0.0,small
41,M.S. M247 DUAL LANGUAGE MIDDLE SCHOOL,12,0,17060.0,21.67,0.0,1.0,97.0,0.0,2.0,4.45,4.49,4.07,4.03,4.46,4.35,25.8,89.4,24.2,198.0,4.41,0.38,0.33,0.06060606060606061,small
38,THE RIVERSIDE SCHOOL FOR MAKERS AND ARTISTS,6,0,23101.0,20.56,5.6,31.4,45.9,1.9,15.1,3.44,3.48,3.04,3.47,4.09,3.76,26.7,73.4,9.1,516.0,2.76,0.31,0.27,0.011627906976744186,small
36,P.S. 165 ROBERT E. SIMON,7,0,18175.0,22.29,4.8,14.9,60.1,2.0,18.2,3.9,3.52,2.77,3.48,4.1,3.5,19.9,71.2,13.7,604.0,2.62,0.43,0.4,0.011589403973509934,large
35,P.S. 149 SOJOURNER TRUTH,0,0,24470.0,18.32,2.1,62.1,28.5,2.1,5.1,3.23,2.86,3.9,3.16,3.41,3.0,23.4,99.1,15.3,235.0,2.6,0.25,0.18,0.0,small
34,P.S. 076 A. PHILIP RANDOLPH,0,0,21657.0,21.65,0.4,75.2,21.4,0.2,2.8,4.06,3.66,3.53,3.86,4.09,4.24,23.5,96.2,8.7,472.0,2.01,0.29,0.23,0.0,small
581,DR. RICHARD IZQUIERDO HEALTH AND SCIENCE CHARTER SCHOOL,7,0,20147.0,22.05,0.6,26.2,70.6,1.0,1.5,2.97,3.19,3.5,3.52,3.15,3.03,20.7,90.7,10.4,778.0,4.27,0.52,0.48,0.008997429305912597,large
30,LIFE SCIENCES SECONDARY SCHOOL,0,0,17047.0,16.98,6.6,29.1,58.7,2.3,3.3,3.66,3.73,3.51,3.61,3.62,3.64,21.3,81.5,9.1,574.0,3.41,0.26,0.15,0.0,large
26,PROFESSIONAL PERFORMING ARTS HIGH SCHOOL,9,0,16282.0,15.52,6.5,21.2,21.4,8.1,42.7,3.48,3.6,3.79,3.75,3.72,3.42,14.9,36.5,0.2,565.0,3.89,0.88,0.84,0.01592920353982301,large
23,THE 47 AMERICAN SIGN LANGUAGE & ENGLISH LOWER SCHOOL,0,0,53217.0,6.97,3.0,19.8,43.1,8.6,25.4,3.19,2.1,3.0,2.74,3.03,3.22,52.3,61.9,25.9,197.0,4.96,0.33,0.27,0.0,small
17,ELLA BAKER SCHOOL,0,0,19498.0,15.19,5.6,16.6,32.2,8.4,37.2,3.41,3.77,3.29,3.77,4.44,3.92,21.3,33.4,0.9,320.0,3.7,0.57,0.47,0.0,small
16,P.S./I.S. 217 ROOSEVELT ISLAND,6,0,17411.0,27.26,30.0,11.4,14.9,5.2,38.5,4.41,4.6,3.61,4.15,4.4,3.37,11.5,33.8,16.4,616.0,3.92,0.68,0.68,0.00974025974025974,large
5,UNIVERSITY NEIGHBORHOOD MIDDLE SCHOOL,13,0,34000.0,12.5,8.9,23.2,63.1,1.0,3.9,2.84,4.02,3.39,3.95,3.54,4.16,44.3,87.7,5.4,203.0,2.51,0.27,0.18,0.06403940886699508,small
4,"TECHNOLOGY, ARTS, AND SCIENCES STUDIO",11,0,25444.0,15.8,3.8,32.1,54.7,3.8,5.7,3.66,3.73,3.51,3.61,3.62,3.64,42.5,82.1,2.8,106.0,3.41,0.33,0.2,0.10377358490566038,small
3,P.S. 188 THE ISLAND SCHOOL,0,0,21960.0,24.09,1.8,29.3,66.1,0.0,2.8,3.87,4.25,3.79,4.99,4.99,4.99,29.1,91.5,15.9,433.0,4.54,0.28,0.24,0.0,small
55,P.S. 050 VITO MARCANTONIO,7,0,26862.0,17.47,2.4,38.6,57.8,0.4,0.8,3.66,3.73,3.51,3.61,3.62,3.64,28.3,95.2,6.4,251.0,3.41,0.26,0.21,0.027888446215139442,small
57,THE LEXINGTON ACADEMY,11,0,23186.0,14.9,2.6,13.9,80.5,0.3,2.7,3.97,4.57,3.15,3.93,3.13,3.68,24.4,90.2,11.9,620.0,2.45,0.36,0.33,0.017741935483870968,large
531,CAPITAL PREPARATORY (CP) HARLEM CHARTER SCHOOL,0,0,20147.0,22.05,0.4,72.1,26.2,1.3,0.0,3.66,3.73,3.51,3.61,3.62,3.64,21.9,60.9,1.7,233.0,3.41,0.58,0.5,0.0,small
58,P.S. 096 JOSEPH LANZETTA,0,0,21449.0,22.0,2.3,25.4,68.0,1.3,3.0,3.34,2.65,2.88,3.08,1.97,3.15,31.0,94.0,20.4,397.0,2.09,0.27,0.23,0.0,small
80,P.S. 018 PARK TERRACE,6,0,21437.0,22.74,0.3,2.0,96.9,0.0,0.8,3.78,4.38,3.75,4.13,3.81,4.35,21.0,92.6,32.9,353.0,2.48,0.32,0.3,0.0169971671388102,small
79,THURGOOD MARSHALL ACADEMY FOR LEARNING AND SOCIAL CHANGE,10,0,18888.0,18.33,1.8,69.7,25.8,1.5,1.3,3.28,4.36,4.18,3.7,3.51,3.61,19.2,73.7,3.5,547.0,1.82,0.48,0.37,0.018281535648994516,large
78,NEW DESIGN MIDDLE SCHOOL,11,0,24330.0,16.26,0.0,55.4,41.5,0.8,2.3,3.66,3.73,2.15,3.61,3.62,3.64,39.2,91.5,6.2,130.0,2.79,0.24,0.15,0.08461538461538462,small
535,HARLEM VILLAGE ACADEMY LEADERSHIP CHARTER SCHOOL,10,0,20147.0,22.05,0.5,62.9,33.9,1.9,0.7,3.96,3.75,3.79,3.38,3.52,3.75,20.0,81.3,1.2,823.0,4.29,0.53,0.57,0.012150668286755772,large
77,FREDERICK DOUGLASS ACADEMY,13,0,16735.0,20.29,1.4,69.5,24.5,2.9,1.7,1.93,2.17,2.36,2.0,3.62,3.64,16.1,76.1,4.1,1362.0,2.05,0.28,0.19,0.009544787077826725,large
537,NEW YORK CENTER FOR AUTISM CHARTER SCHOOL,0,0,20147.0,22.05,12.1,9.1,36.4,3.0,39.4,3.66,3.73,3.51,3.61,3.62,3.64,100.0,87.9,3.0,33.0,3.41,0.43,0.37,0.0,small
75,KAPPA IV,0,0,20260.0,21.89,4.3,59.6,33.3,0.7,2.1,3.66,3.73,3.51,3.61,3.62,3.64,31.2,95.7,16.3,141.0,3.41,0.18,0.15,0.0,small
137,I.S. 229 ROLAND PATTERSON,0,0,37279.0,14.86,0.4,39.0,59.3,1.2,0.0,2.28,2.64,2.42,2.71,3.55,4.12,32.5,92.7,19.5,246.0,2.94,0.23,0.15,0.0,small
541,NEW HEIGHTS ACADEMY CHARTER SCHOOL,0,0,20147.0,22.05,0.1,4.1,95.7,0.0,0.1,3.37,4.08,3.55,3.59,4.25,3.73,13.7,93.8,12.4,764.0,3.7,0.49,0.49,0.0,large
72,EAGLE ACADEMY FOR YOUNG MEN OF HARLEM,10,0,31509.0,22.33,0.3,68.9,24.5,5.7,0.6,3.28,3.65,3.06,4.18,3.62,3.64,28.0,76.1,3.1,318.0,2.1,0.3,0.21,0.031446540880503145,small
70,P.S. 123 MAHALIA JACKSON,0,0,23974.0,19.42,1.5,51.4,40.7,2.3,4.2,2.86,3.1,2.92,3.37,3.37,3.55,24.8,95.4,19.6,479.0,3.08,0.26,0.2,0.0,small
69,P.S. 046 ARTHUR TAPPAN,8,0,18174.0,22.48,0.6,48.7,48.7,1.2,0.8,2.75,3.12,3.31,2.84,2.95,3.34,29.8,94.1,10.4,661.0,3.09,0.24,0.21,0.012102874432677761,large
68,CENTRAL PARK EAST II,6,0,24262.0,14.5,6.5,29.5,35.0,8.5,20.5,4.11,4.28,2.91,3.53,3.95,3.14,21.7,42.2,0.4,448.0,2.42,0.48,0.41,0.013392857142857142,small
66,YOUNG WOMEN'S LEADERSHIP SCHOOL,8,0,18779.0,16.0,8.7,23.9,60.9,2.7,3.7,4.48,4.66,4.12,4.12,3.3,4.31,20.8,79.8,2.7,481.0,3.74,0.6,0.46,0.016632016632016633,small
65,GLOBAL TECHNOLOGY PREPARATORY,0,0,21886.0,22.25,3.2,34.4,58.4,3.2,0.8,3.66,3.73,3.51,3.61,3.62,3.64,40.8,86.4,9.6,125.0,3.41,0.28,0.18,0.0,small
64,RENAISSANCE SCHOOL OF THE ARTS,6,0,25244.0,16.0,1.4,32.7,61.9,1.4,2.7,3.64,4.31,3.73,3.66,3.98,3.98,30.6,93.2,8.8,147.0,4.2,0.28,0.17,0.04081632653061224,small
551,HARBOR SCIENCE AND ARTS CHARTER SCHOOL,7,0,20147.0,22.05,1.2,55.2,41.2,1.6,0.8,3.51,3.72,4.44,3.76,3.95,4.03,22.8,73.2,2.8,250.0,2.98,0.66,0.65,0.028,small
552,HARLEM PREP CHARTER SCHOOL,13,0,20147.0,22.05,0.8,56.5,40.7,1.5,0.6,2.75,2.63,2.97,2.7,3.51,2.71,17.8,87.6,5.2,905.0,3.34,0.59,0.63,0.014364640883977901,large
553,HARLEM VILLAGE ACADEMY CHARTER SCHOOL,8,0,20147.0,22.05,0.4,77.7,18.9,1.9,1.1,3.42,3.06,3.88,3.45,4.08,3.24,20.3,80.0,4.1,936.0,4.43,0.44,0.43,0.008547008547008548,large
63,ESPERANZA PREPARATORY ACADEMY,0,0,24759.0,22.32,2.1,11.1,85.0,0.2,1.6,3.3,3.52,3.15,3.46,3.19,3.5,25.6,90.5,29.7,559.0,3.68,0.22,0.16,0.0,large
555,FUTURE LEADERS INSTITUTE CHARTER SCHOOL,13,0,20147.0,22.05,0.8,79.3,17.6,0.8,1.4,4.63,4.03,4.43,4.51,3.33,4.55,13.7,86.8,6.4,357.0,4.22,0.57,0.57,0.036414565826330535,small
62,M.S. 224 MANHATTAN EAST SCHOOL FOR ARTS & ACADEMICS,14,0,18936.0,23.5,9.9,26.7,53.5,1.7,8.1,4.06,4.12,3.91,3.47,3.33,3.51,27.9,72.7,7.6,172.0,3.95,0.49,0.39,0.08139534883720931,small
59,P.S. 108 ASSEMBLYMAN ANGELO DEL TORO EDUCATIONAL COMPLEX,9,0,19804.0,24.23,3.3,31.9,62.4,0.7,1.8,2.71,3.66,3.3,3.38,3.71,4.26,32.1,89.2,9.1,452.0,3.03,0.28,0.24,0.01991150442477876,small
136,I.S. 219 NEW VENTURE SCHOOL,7,0,23626.0,16.58,0.6,38.4,59.9,0.3,0.9,3.59,3.44,3.15,3.5,3.13,3.65,30.4,94.3,26.7,352.0,3.49,0.16,0.15,0.019886363636363636,small
164,I.S. 206 ANN MERSEREAU,8,0,24828.0,18.06,1.9,13.0,83.6,1.0,0.5,3.34,2.98,3.11,3.42,3.98,4.09,32.4,90.3,31.9,207.0,2.51,0.2,0.15,0.03864734299516908,small
138,EAGLE ACADEMY FOR YOUNG MEN,7,0,19248.0,16.33,0.6,55.0,42.7,1.4,0.4,2.71,2.77,3.54,2.86,3.61,2.63,27.0,78.3,5.1,511.0,2.66,0.31,0.23,0.0136986301369863,small
413,GOLDIE MAPLE ACADEMY,9,0,18842.0,22.54,3.5,69.9,20.8,3.7,2.1,2.26,2.2,2.9,2.36,2.31,1.91,6.8,79.2,0.2,428.0,2.31,0.53,0.46,0.02102803738317757,small
290,EAST NEW YORK FAMILY ACADEMY,10,0,18686.0,23.4,3.2,62.9,31.3,1.8,0.8,3.66,4.25,3.47,4.4,3.89,3.73,22.2,87.1,3.8,496.0,3.88,0.42,0.33,0.020161290322580645,small
289,ACADEMY FOR YOUNG WRITERS,7,0,18399.0,23.43,0.7,70.1,26.6,1.5,1.1,3.29,3.06,3.38,3.44,3.73,3.28,20.1,84.1,2.6,546.0,2.35,0.39,0.27,0.01282051282051282,large
285,I.S. 171 ABRAHAM LINCOLN,11,0,20088.0,20.0,7.2,8.3,81.1,2.0,1.4,2.95,3.75,3.84,3.63,3.65,4.01,18.7,98.2,26.8,444.0,2.73,0.35,0.24,0.024774774774774775,small
281,MIDDLE SCHOOL FOR ART AND PHILOSOPHY,11,0,21936.0,17.37,0.6,87.0,8.5,1.7,2.3,3.35,3.45,3.41,3.62,3.39,3.55,31.6,91.5,7.3,177.0,3.58,0.26,0.15,0.062146892655367235,small
273,NEW HEIGHTS MIDDLE SCHOOL,13,0,21647.0,21.18,0.4,83.8,10.7,1.3,3.8,3.21,3.09,3.83,3.37,3.58,3.17,30.8,86.8,6.0,234.0,2.9,0.29,0.18,0.05555555555555555,small
270,"SCHOOL FOR HUMAN RIGHTS, THE",0,0,20149.0,11.08,1.1,89.8,6.1,0.9,2.0,3.56,3.66,3.67,4.05,3.08,3.61,20.6,83.7,5.4,441.0,3.99,0.31,0.18,0.0,small
269,RONALD EDMONDS LEARNING CENTER II,7,0,27077.0,16.22,0.0,74.8,22.0,1.9,1.3,3.87,4.9,4.16,4.37,4.74,4.95,27.0,88.7,5.0,159.0,4.22,0.28,0.15,0.0440251572327044,small
268,M.S. K394,12,0,17512.0,24.27,8.0,72.1,18.4,0.6,0.8,2.97,3.06,2.92,3.51,1.97,3.52,13.8,87.6,6.1,477.0,2.26,0.4,0.36,0.025157232704402517,small
391,P.S./M.S. 042 R. VERNAM,0,0,21265.0,20.6,1.4,72.6,22.6,2.0,1.4,3.63,3.62,3.12,2.91,3.3,3.52,26.1,96.0,3.5,658.0,2.85,0.23,0.19,0.0,large
392,P.S. 043,7,0,21459.0,21.38,2.4,57.9,33.2,1.6,4.9,2.55,2.97,2.85,2.34,1.8,2.28,20.6,90.9,8.9,901.0,2.8,0.3,0.27,0.00776914539400666,large
393,P.S. 047 CHRIS GALAS,0,0,23881.0,23.2,0.5,1.4,18.5,1.4,78.2,4.36,4.65,3.96,4.0,4.55,4.08,25.5,34.3,1.4,216.0,4.35,0.61,0.53,0.0,small
267,ACADEMY FOR COLLEGE PREPARATION AND CAREER EXPLORATION: A COLLEGE BOARD SCHOOL,15,0,17966.0,12.37,1.4,76.3,13.5,6.9,1.9,2.86,3.54,3.07,3.33,2.73,2.51,14.9,77.5,14.2,422.0,1.71,0.37,0.26,0.035545023696682464,small
395,P.S. 105 THE BAY SCHOOL,7,0,19708.0,23.15,2.5,62.8,32.5,0.7,1.5,3.03,3.36,2.59,3.42,3.66,3.5,28.8,88.1,5.2,815.0,2.48,0.26,0.21,0.008588957055214725,large
396,P.S./M.S. 114 BELLE HARBOR,0,0,20779.0,24.33,0.7,2.1,10.8,1.3,85.1,3.89,4.42,3.55,4.05,3.89,3.81,22.1,24.4,0.4,669.0,3.73,0.73,0.74,0.0,large
266,THE SCHOOL OF INTEGRATED LEARNING,18,0,24168.0,18.46,2.8,81.1,15.0,1.2,0.0,4.94,4.7,4.32,4.94,4.51,4.76,24.0,91.7,7.5,254.0,4.57,0.34,0.22,0.07086614173228346,small
265,ELIJAH STROUD MIDDLE SCHOOL,6,0,20187.0,21.92,2.1,78.1,17.8,0.7,1.4,3.61,3.49,3.55,3.63,3.88,3.74,37.7,94.5,6.8,146.0,2.96,0.27,0.21,0.0410958904109589,small
399,P.S. 146 HOWARD BEACH,11,0,20691.0,25.45,4.3,2.1,38.6,1.0,54.0,3.59,4.6,2.93,3.73,3.81,3.54,22.1,47.5,1.9,678.0,3.88,0.6,0.54,0.016224188790560472,large
400,P.S. 183 DR. RICHARD R. GREEN,0,0,22141.0,20.46,3.0,55.8,31.8,3.8,5.5,2.73,2.44,3.13,2.0,3.3,3.22,32.2,92.8,5.9,525.0,3.78,0.2,0.15,0.0,small
264,EBBETS FIELD MIDDLE SCHOOL,9,0,23702.0,13.55,9.0,61.1,25.7,0.0,4.2,3.57,3.45,3.41,3.52,3.87,3.14,28.7,98.2,22.2,167.0,3.42,0.22,0.15,0.05389221556886228,small
402,P.S. 207 ROCKWOOD PARK,14,0,24228.0,22.82,3.2,1.3,18.5,1.0,75.9,3.55,4.13,3.89,3.79,3.72,3.43,19.3,34.6,0.6,680.0,2.6,0.7,0.69,0.020588235294117647,large
255,P.S. 308 CLARA CARDWELL,8,0,26759.0,16.58,2.5,76.4,18.5,1.5,1.1,2.96,3.45,2.36,3.77,3.37,3.44,26.5,88.7,5.1,275.0,2.3,0.24,0.18,0.02909090909090909,small
253,J.H.S. 057 WHITELAW REID,9,0,26468.0,17.75,3.0,63.3,30.7,0.5,2.5,4.49,4.07,3.21,2.78,3.34,3.48,35.7,93.5,9.0,199.0,3.53,0.31,0.17,0.04522613065326633,small
410,WATERSIDE SCHOOL FOR LEADERSHIP,0,0,21413.0,15.26,1.8,50.9,37.3,1.8,8.3,4.06,4.35,3.56,4.19,4.15,3.68,27.2,89.0,6.1,228.0,3.22,0.3,0.21,0.0,small
375,P.S./M.S. 200 - THE POMONOK SCHOOL & STAR ACADEMY,9,0,21978.0,23.79,14.8,21.6,46.9,2.3,14.4,3.78,4.29,3.37,4.04,3.77,3.7,16.3,72.2,5.2,522.0,2.66,0.57,0.52,0.017241379310344827,small
291,SPRING CREEK COMMUNITY SCHOOL,6,0,24283.0,16.9,1.3,73.8,21.3,2.3,1.3,3.71,4.05,3.63,4.12,4.1,3.07,25.5,82.2,2.9,478.0,3.46,0.31,0.2,0.012552301255230125,small
295,LIBERTY AVENUE MIDDLE SCHOOL,12,0,23704.0,23.33,4.7,19.7,71.2,2.6,1.7,4.44,3.56,3.91,3.77,3.64,4.11,21.9,96.1,17.6,466.0,2.88,0.37,0.29,0.02575107296137339,small
354,MOTT HALL BRIDGES ACADEMY,10,0,22732.0,17.75,1.0,82.9,15.6,0.0,0.5,3.78,3.91,3.99,4.35,4.09,4.15,25.6,94.5,0.0,199.0,3.89,0.27,0.18,0.05025125628140704,small
344,"THE GREGORY JOCKO JACKSON SCHOOL OF SPORTS, ART, AND TECHNOLOGY",9,0,20515.0,20.96,0.0,66.2,32.7,0.4,0.6,2.66,3.16,2.8,3.34,4.24,3.69,27.0,93.9,9.5,474.0,3.24,0.27,0.22,0.0189873417721519,small
345,P.S./I.S. 323,10,0,22362.0,26.53,1.2,77.5,20.2,0.9,0.2,4.04,4.36,2.8,3.73,3.95,3.64,17.0,93.1,3.3,569.0,2.23,0.3,0.24,0.01757469244288225,large
346,P.S. 327 DR. ROSE B. ENGLISH,9,0,22383.0,21.2,1.2,66.4,28.7,1.5,2.1,3.11,3.56,2.76,3.25,3.12,3.38,24.2,97.6,9.2,327.0,2.17,0.22,0.2,0.027522935779816515,small
347,BROWNSVILLE COLLABORATIVE MIDDLE SCHOOL,0,0,23663.0,13.33,0.0,65.7,30.6,2.8,0.9,2.98,3.13,3.34,2.29,3.44,3.08,35.2,90.7,9.3,108.0,3.01,0.26,0.15,0.0,small
341,P.S./ I.S. 155 NICHOLAS HERKIMER,8,0,21314.0,21.29,2.9,51.2,43.5,1.0,1.4,3.57,3.15,2.9,3.32,3.64,3.94,21.9,97.1,16.1,416.0,3.07,0.31,0.28,0.019230769230769232,small
340,P.S./I.S. 137 RACHEL JEAN MITCHELL,9,0,27591.0,14.7,0.0,74.9,19.5,4.3,1.3,2.78,3.2,3.16,3.23,4.24,4.16,28.1,93.1,4.3,303.0,3.33,0.32,0.27,0.0297029702970297,small
350,MOTT HALL IV,9,0,19842.0,17.0,1.3,85.6,12.5,0.6,0.0,3.03,3.21,3.65,3.44,4.04,4.54,38.1,89.4,1.9,160.0,3.33,0.24,0.15,0.05625,small
351,EAGLE ACADEMY FOR YOUNG MEN II,12,0,19182.0,16.03,0.6,88.7,8.3,1.7,0.6,3.63,3.99,4.32,4.5,4.52,4.64,25.5,80.1,0.6,647.0,3.6,0.31,0.19,0.01854714064914992,large
352,BROOKLYN ENVIRONMENTAL EXPLORATION SCHOOL (BEES),12,0,29372.0,17.33,0.0,73.7,18.9,2.1,5.3,3.58,3.83,3.37,4.06,4.1,4.47,40.0,97.9,6.3,95.0,3.57,0.26,0.15,0.12631578947368421,small
353,RIVERDALE AVENUE MIDDLE SCHOOL,6,0,36825.0,16.33,3.9,74.0,18.1,2.4,1.6,3.44,3.26,3.41,3.34,4.26,3.28,39.4,96.9,12.6,127.0,3.03,0.2,0.15,0.047244094488188976,small
355,TEACHERS PREPARATORY HIGH SCHOOL,0,0,17817.0,9.96,2.0,75.6,17.6,0.8,4.0,2.62,3.18,2.89,3.01,3.35,3.14,34.4,88.0,6.8,250.0,2.45,0.23,0.15,0.0,small
296,SCHOOL OF THE FUTURE BROOKLYN,12,0,26395.0,25.33,1.5,65.7,30.3,1.0,1.5,1.97,2.37,2.58,2.57,3.64,3.18,25.9,92.5,10.4,201.0,2.16,0.21,0.15,0.05970149253731343,small
339,P.S. 041 FRANCIS WHITE,0,0,30531.0,21.69,0.4,60.0,31.3,5.0,3.3,3.4,3.29,2.77,3.31,2.65,3.57,32.6,98.2,7.7,457.0,3.01,0.22,0.18,0.0,small
332,P.S. 109,12,0,26143.0,16.9,1.8,80.0,14.5,1.3,2.3,2.33,2.09,2.51,2.68,2.48,2.62,24.2,86.5,6.0,681.0,3.39,0.38,0.32,0.01762114537444934,large
326,P.S. 288 THE SHIRLEY TANYHILL,0,0,23296.0,18.79,1.7,59.9,32.1,0.5,5.9,3.25,3.29,2.69,3.07,3.3,3.09,29.4,92.6,6.0,663.0,3.28,0.23,0.19,0.0,large
361,P.S./I.S. 087 MIDDLE VILLAGE,12,0,22949.0,19.32,3.3,2.1,52.0,1.8,40.8,3.4,4.7,2.89,4.32,4.11,4.0,22.4,63.0,8.6,606.0,2.51,0.57,0.52,0.019801980198019802,large
323,P.S. 238 ANNE SULLIVAN,14,0,28083.0,23.4,20.9,4.1,49.6,1.1,24.2,4.2,3.51,3.12,3.31,2.45,3.53,20.3,81.3,33.1,611.0,3.01,0.37,0.31,0.022913256955810146,large
318,P.S. 121 NELSON A. ROCKEFELLER,7,0,25182.0,18.0,20.2,2.4,42.3,2.1,33.0,4.46,4.55,4.15,4.59,4.02,4.24,27.1,64.3,19.0,336.0,3.97,0.51,0.51,0.020833333333333332,small
314,P.S. 095 THE GRAVESEND,12,0,19397.0,25.04,35.1,8.2,35.3,0.7,20.7,4.52,4.77,4.15,4.58,4.17,4.41,17.0,74.2,12.9,943.0,3.85,0.56,0.58,0.012725344644750796,large
305,P.S. 192 - THE MAGNET SCHOOL FOR MATH AND SCIENCE INQUIRY,14,0,20869.0,22.85,21.7,1.8,47.1,0.7,28.7,4.36,4.27,3.63,3.75,4.2,3.71,20.8,85.2,31.8,677.0,4.21,0.43,0.4,0.0206794682422452,large
298,HIGHLAND PARK COMMUNITY SCHOOL,10,0,20147.0,22.05,2.8,16.9,76.2,3.1,0.9,3.03,3.42,3.21,3.54,3.38,3.81,19.7,93.7,12.5,319.0,1.96,0.44,0.33,0.03134796238244514,small
1,P.S. 140 NATHAN STRAUS,6,0,23536.0,24.56,5.7,12.4,78.7,0.5,2.7,3.41,3.25,2.5,4.11,3.12,3.26,31.0,87.3,9.7,371.0,2.71,0.31,0.24,0.016172506738544475,small
247,BROOKLYN SECONDARY SCHOOL FOR COLLABORATIVE STUDIES,6,0,20974.0,15.23,2.8,37.4,45.5,2.3,11.9,4.04,4.15,3.22,3.01,3.89,3.65,32.3,68.1,6.6,681.0,3.41,0.36,0.32,0.00881057268722467,large
414,J.H.S. 008 RICHARD S. GROSSLEY,12,0,22537.0,17.39,17.7,44.8,22.1,14.5,0.9,3.47,3.87,2.69,3.75,2.85,3.83,19.8,90.6,12.7,339.0,3.36,0.36,0.26,0.035398230088495575,small
140,"URBAN ASSEMBLY SCHOOL FOR APPLIED MATH AND SCIENCE, THE",13,0,19177.0,16.35,0.2,32.8,65.6,0.8,0.6,4.05,4.03,3.7,3.07,3.83,3.76,29.1,93.5,13.5,616.0,4.06,0.29,0.22,0.021103896103896104,large
240,YOUNG WOMEN'S LEADERSHIP SCHOOL OF BROOKLYN,0,0,18186.0,18.47,3.4,48.5,39.9,3.0,5.2,3.4,2.68,3.71,3.64,4.31,3.28,18.2,77.1,7.9,406.0,2.44,0.46,0.32,0.0,small
202,J.H.S. 098 HERMAN RIDDER,0,0,29352.0,19.81,3.3,27.1,67.5,0.8,1.3,2.06,3.01,2.07,2.91,3.89,3.92,21.3,95.4,29.2,240.0,3.09,0.2,0.15,0.0,small
455,ACADEMY FOR NEW AMERICANS,6,0,22604.0,18.44,19.8,2.0,65.3,0.0,12.9,3.4,3.38,3.83,3.46,3.44,3.87,1.0,96.0,100.0,101.0,3.54,0.46,0.51,0.0594059405940594,small
187,P.S. 175 CITY ISLAND,14,0,18821.0,20.44,3.6,9.0,35.8,2.7,48.8,4.35,3.47,3.76,3.51,3.94,3.51,17.8,51.2,3.0,332.0,3.25,0.55,0.55,0.04216867469879518,small
181,EAST FORDHAM ACADEMY FOR THE ARTS,10,0,20286.0,19.78,1.8,12.9,81.3,2.9,1.1,2.76,2.76,2.21,2.04,2.34,3.28,27.7,92.1,30.9,278.0,2.84,0.21,0.15,0.03597122302158273,small
175,INTERNATIONAL SCHOOL FOR LIBERAL ARTS,0,0,19904.0,23.61,0.2,0.4,99.2,0.0,0.2,2.92,4.07,4.2,3.72,3.61,3.74,7.1,97.5,66.5,523.0,3.52,0.17,0.15,0.0,small
173,P.S. 315 LAB SCHOOL,12,0,23058.0,24.18,1.2,13.3,84.3,0.8,0.4,4.48,4.57,3.51,4.43,4.0,3.99,21.3,97.6,15.7,249.0,2.75,0.44,0.38,0.04819277108433735,small
169,I.S. 254,13,0,22544.0,18.08,2.1,17.5,78.9,0.6,0.9,3.66,3.73,3.51,3.61,3.62,3.64,27.5,88.7,34.1,469.0,3.72,0.23,0.15,0.02771855010660981,small
165,THEATRE ARTS PRODUCTION COMPANY SCHOOL,6,0,18866.0,24.21,1.3,26.5,69.1,1.5,1.6,3.31,3.57,2.62,3.48,2.94,3.11,23.2,79.8,7.7,608.0,2.77,0.38,0.28,0.009868421052631578,large
343,P.S. 184 NEWPORT,0,0,21675.0,20.39,0.2,71.8,26.5,0.9,0.7,3.33,3.0,2.83,3.2,3.6,3.25,26.6,90.8,4.1,567.0,2.43,0.25,0.21,0.0,large
158,P.S. X037 - MULTIPLE INTELLIGENCE SCHOOL,6,0,21759.0,21.99,2.0,21.5,73.2,1.4,1.9,4.46,4.77,2.55,4.16,3.98,4.42,27.6,85.3,15.3,646.0,3.02,0.33,0.31,0.009287925696594427,large
155,P.S. 3 RAUL JULIA MICRO SOCIETY,13,0,27067.0,20.0,0.9,29.0,69.8,0.0,0.3,3.48,4.22,3.34,3.81,3.53,3.53,19.8,94.5,12.9,348.0,4.19,0.39,0.34,0.03735632183908046,small
153,"BRONX SCHOOL FOR LAW, GOVERNMENT AND JUSTICE",13,0,18467.0,21.06,1.2,24.6,71.3,1.9,0.9,2.76,3.23,3.65,3.56,2.83,3.64,21.0,89.9,10.4,771.0,4.28,0.45,0.36,0.016861219195849545,large
151,BRONX HIGH SCHOOL FOR MEDICAL SCIENCE,10,0,18069.0,16.91,7.6,28.2,61.7,1.4,1.2,2.85,3.47,3.56,3.69,3.02,3.92,19.9,83.4,12.7,433.0,4.08,0.41,0.35,0.023094688221709007,small
149,NEW DIRECTIONS SECONDARY SCHOOL,0,0,32058.0,8.23,0.9,24.8,69.2,4.3,0.9,2.58,3.09,3.11,2.98,2.37,3.25,32.9,95.7,35.5,234.0,1.65,0.15,0.15,0.0,small
147,NEW MILLENNIUM BUSINESS ACADEMY MIDDLE SCHOOL,21,0,23511.0,17.0,0.0,32.6,66.1,0.4,0.8,4.06,4.45,3.11,4.2,2.92,4.21,28.5,85.5,33.9,242.0,3.21,0.2,0.15,0.08677685950413223,small
476,J.H.S. 162 THE WILLOUGHBY,8,0,22791.0,21.0,3.3,5.6,87.5,0.8,2.8,4.19,4.87,3.52,3.71,3.72,4.06,23.9,90.3,18.1,360.0,3.49,0.35,0.33,0.022222222222222223,small
477,J.H.S. 291 ROLAND HAYES,8,0,23914.0,17.72,1.1,14.6,82.1,0.7,1.4,3.85,4.28,2.73,3.5,3.71,3.52,25.7,96.8,28.2,280.0,2.64,0.38,0.39,0.02857142857142857,small
478,I.S. 347 SCHOOL OF HUMANITIES,11,0,24629.0,20.0,1.3,4.5,92.3,0.3,1.6,3.38,3.45,3.59,3.87,2.65,3.59,24.0,94.6,17.0,312.0,3.45,0.32,0.24,0.035256410256410256,small
479,"I.S. 349 MATH, SCIENCE & TECH.",7,0,21511.0,19.14,0.3,11.0,87.7,0.0,1.0,4.17,4.88,4.36,4.56,3.53,4.47,21.3,97.7,23.5,310.0,4.49,0.61,0.65,0.02258064516129032,small
482,P.S./I.S. 384 FRANCES E. CARTER,8,0,21431.0,23.16,0.8,12.1,86.4,0.4,0.4,4.61,4.84,4.54,4.84,4.1,4.52,25.3,87.5,26.7,513.0,4.4,0.9,0.89,0.015594541910331383,small
144,BRONX EARLY COLLEGE ACADEMY FOR TEACHING & LEARNING,13,0,17680.0,20.32,2.9,26.4,68.4,0.8,1.5,4.04,4.44,3.89,3.78,4.23,3.96,19.0,87.9,12.1,522.0,2.12,0.37,0.28,0.02490421455938697,small
484,EVERGREEN MIDDLE SCHOOL FOR URBAN EXPLORATION,10,0,24509.0,15.94,0.3,24.9,72.2,0.0,2.6,4.38,4.18,3.02,4.04,4.11,4.38,25.1,90.4,17.5,342.0,3.7,0.57,0.6,0.029239766081871343,small
142,I.S. 313 SCHOOL OF LEADERSHIP DEVELOPMENT,9,0,24320.0,17.36,0.6,29.5,68.9,0.0,1.0,3.23,2.49,2.6,2.86,3.06,2.72,24.1,92.4,32.4,315.0,2.72,0.21,0.15,0.02857142857142857,small
205,P.S. 211,7,0,23594.0,21.97,0.2,13.9,85.1,0.3,0.5,2.31,2.17,3.59,2.44,2.88,2.32,19.6,92.1,20.2,598.0,3.36,0.25,0.2,0.011705685618729096,large
206,P.S. 212,0,0,21904.0,20.75,0.5,34.6,63.4,0.9,0.7,1.89,2.19,1.56,2.32,1.49,2.61,13.5,97.5,21.1,437.0,1.5,0.33,0.28,0.0,small
208,SCHOOL OF PERFORMING ARTS,8,0,23724.0,14.63,2.0,31.3,63.3,2.3,1.0,2.56,2.74,2.3,2.88,3.17,2.15,32.7,96.3,18.3,300.0,2.79,0.22,0.15,0.02666666666666667,small
431,P.S./M.S. 147 RONALD MCNAIR,9,0,17979.0,25.85,2.2,89.0,6.6,1.2,1.0,3.59,3.55,3.16,3.48,2.57,3.19,18.0,72.3,5.2,593.0,1.96,0.42,0.33,0.01517706576728499,large
239,LYONS COMMUNITY SCHOOL,6,0,19024.0,19.5,1.0,37.1,59.3,0.0,2.6,3.61,3.95,2.85,4.24,3.86,4.2,24.8,89.3,13.5,496.0,1.63,0.29,0.19,0.012096774193548387,small
238,M.S. 582,0,0,23730.0,18.13,1.9,23.8,69.4,1.5,3.4,4.14,4.06,4.16,4.41,3.72,4.23,33.6,82.3,13.2,265.0,4.01,0.3,0.21,0.0,small
232,JUAN MOREL CAMPOS SECONDARY SCHOOL,0,0,26664.0,17.29,0.7,17.8,75.7,0.6,5.2,3.62,3.63,4.31,3.96,4.36,4.1,32.8,87.1,27.0,534.0,3.71,0.22,0.15,0.0,small
231,J.H.S. 050 JOHN D. WELLS,7,0,25996.0,17.0,0.3,21.1,75.1,0.7,2.8,3.68,4.33,3.96,4.04,4.14,4.3,35.3,88.9,17.6,289.0,3.9,0.27,0.19,0.02422145328719723,small
226,DOCK STREET SCHOOL FOR STEAM STUDIES,0,0,28214.0,17.0,6.5,67.8,19.6,0.5,5.5,3.31,3.28,3.09,3.38,3.67,2.79,25.1,72.4,1.5,199.0,3.62,0.56,0.46,0.0,small
225,SATELLITE EAST MIDDLE SCHOOL,0,0,23113.0,16.4,7.1,69.7,16.2,2.0,5.1,2.63,3.27,2.61,3.73,4.45,3.27,33.3,94.9,10.1,99.0,2.92,0.21,0.15,0.0,small
223,M.S. K266 - PARK PLACE COMMUNITY MIDDLE SCHOOL,8,0,25191.0,14.2,2.5,76.2,15.6,1.3,4.4,3.36,3.86,3.88,3.65,4.21,2.94,37.5,84.4,5.6,160.0,3.48,0.28,0.17,0.05,small
222,DR. SUSAN S. MCKINNEY SECONDARY SCHOOL OF THE ARTS,0,0,20549.0,14.79,1.7,69.1,26.5,0.0,2.6,2.99,2.9,2.7,3.27,3.56,3.82,21.7,97.4,10.9,230.0,3.26,0.24,0.15,0.0,small
429,P.S./I.S. 116 WILLIAM C. HUGHLEY,10,0,18240.0,23.9,6.8,54.0,35.2,2.3,1.6,3.45,3.27,2.75,3.37,3.39,3.17,22.3,78.2,15.9,792.0,2.53,0.34,0.29,0.012626262626262626,large
430,P.S./M.S. 138 SUNRISE,10,0,18828.0,24.03,3.0,80.6,11.1,2.1,3.1,3.79,3.94,3.3,3.98,3.98,3.94,17.3,78.6,5.2,763.0,3.06,0.36,0.26,0.01310615989515072,large
219,ENTRADA ACADEMY,10,0,23150.0,19.5,3.2,15.7,78.7,1.2,1.2,3.66,3.73,3.51,3.61,3.62,3.64,22.9,97.6,40.6,249.0,3.41,0.2,0.15,0.040160642570281124,small
446,P.S. 111 JACOB BLACKWELL,0,0,27276.0,17.35,4.1,49.7,41.8,1.3,3.2,3.33,3.51,3.13,3.67,2.57,2.36,30.4,95.6,14.2,316.0,2.4,0.19,0.17,0.0,small
435,PATHWAYS COLLEGE PREPARATORY SCHOOL: A COLLEGE BOARD SCHOOL,6,0,16418.0,15.64,5.7,85.6,5.0,2.6,1.2,2.92,3.06,3.19,3.03,3.87,3.51,16.3,73.9,3.8,583.0,2.38,0.53,0.4,0.010291595197255575,large
217,URBAN ASSEMBLY SCHOOL FOR WILDLIFE CONSERVATION,6,0,19416.0,18.4,2.7,24.9,69.3,0.8,2.1,3.66,3.73,3.51,3.61,3.62,3.64,28.8,83.5,13.1,473.0,3.41,0.2,0.15,0.012684989429175475,small
216,ACCION ACADEMY,7,0,22610.0,17.6,0.7,24.5,72.8,0.0,2.0,3.02,2.46,2.01,2.77,3.15,2.8,29.1,90.7,15.2,151.0,2.8,0.25,0.16,0.046357615894039736,small
438,PREPARATORY ACADEMY FOR WRITERS: A COLLEGE BOARD SCHOOL,10,0,17164.0,15.35,2.6,88.4,5.3,3.1,0.7,4.25,4.28,3.33,3.51,3.89,3.14,16.2,68.7,1.5,588.0,3.95,0.53,0.38,0.017006802721088437,large
213,FANNIE LOU HAMER MIDDLE SCHOOL,0,0,22373.0,17.93,0.4,23.6,73.6,0.0,2.5,3.3,3.63,2.76,3.89,3.48,3.33,23.2,87.0,19.2,276.0,2.72,0.23,0.15,0.0,small
212,FREDERICK DOUGLASS ACADEMY V. MIDDLE SCHOOL,11,0,21527.0,21.5,1.8,37.1,58.9,1.3,0.9,2.39,1.91,2.46,2.8,2.45,2.79,25.0,88.8,11.2,224.0,2.54,0.29,0.2,0.049107142857142856,small
441,EAGLE ACADEMY FOR YOUNG MEN III,0,0,22617.0,17.25,1.3,88.5,3.2,5.1,1.9,3.4,2.96,2.96,3.56,3.56,3.17,25.4,71.9,0.8,531.0,2.57,0.34,0.2,0.0,small
211,EAST BRONX ACADEMY FOR THE FUTURE,14,0,22509.0,16.92,1.8,25.8,70.0,1.5,0.9,3.43,3.72,3.21,4.15,2.98,2.83,28.9,91.8,15.1,671.0,3.57,0.28,0.18,0.020864381520119227,large
443,COMMUNITY VOICES MIDDLE SCHOOL,9,0,18845.0,20.26,1.7,86.4,9.6,1.7,0.7,2.97,3.53,2.68,2.68,3.33,3.73,26.5,71.2,5.6,302.0,3.12,0.32,0.19,0.029801324503311258,small
210,BRONX LATIN,0,0,19742.0,18.16,1.4,19.0,77.7,0.7,1.2,3.89,3.61,3.52,2.34,2.93,2.57,25.6,94.3,14.5,579.0,3.48,0.31,0.22,0.0,large
0,P.S. 034 FRANKLIN D. ROOSEVELT,6,0,24890.0,20.15,3.3,31.8,61.3,0.9,2.7,2.04,2.4,2.3,2.45,3.33,2.32,36.6,97.6,7.5,333.0,2.7,0.33,0.26,0.018018018018018018,small
